SquareFootage,BackyardSpace,Garage
645.52,102.29,0
1420.92,457.31,1
1717.65,431.28,0
706.56,647.51,0
1038.32,28.15,1
1701.95,508.18,0
1276.24,359.12,1
1117.43,546.97,0
550.0,678.54,0
714.11,461.22,1
739.26,373.41,0
550.0,599.79,1
733.87,578.69,0
920.51,582.43,1
550.0,1114.88,0
550.0,421.49,0
721.17,209.36,0
663.23,133.15,0
701.73,722.35,0
1099.16,1041.06,1
920.23,628.62,1
1131.43,227.45,1
957.8,531.17,0
1834.27,442.13,1
1737.13,506.46,1
1092.09,211.16,0
1037.35,934.92,0
709.99,990.54,0
1923.32,664.17,0
699.29,319.61,0
896.81,501.62,1
1550.36,5.86,0
680.49,500.52,0
747.49,1166.44,0
988.48,597.16,0
826.35,667.2,0
1309.65,779.06,0
756.5,94.81,0
1460.44,169.38,0
956.19,620.13,0
564.94,805.94,0
1877.32,419.72,0
780.23,47.61,0
934.62,474.59,0
1004.05,412.04,0
550.0,1125.79,1
1354.92,809.67,0
1151.07,496.72,0
1104.28,247.27,1
1331.78,90.87,1
1253.07,719.02,0
670.27,774.41,1
1029.17,1066.64,0
1747.75,651.49,1
550.0,245.38,1
1272.98,439.48,0
1608.98,922.9,0
627.24,76.12,1
550.0,510.2,0
1614.37,483.68,0
1368.21,64.97,1
748.56,861.18,0
1940.29,795.7,0
550.0,311.49,0
925.34,789.6,0
1654.51,607.02,0
1002.14,230.87,0
1040.5,398.24,1
1539.74,595.27,0
1666.63,381.49,0
1112.56,915.48,1
844.84,285.84,1
1615.39,457.9,1
1883.99,562.14,1
1789.18,1146.37,1
576.07,450.58,1
1289.46,667.17,1
1046.87,296.7,1
678.79,371.5,0
679.42,622.02,0
934.7,490.73,0
589.22,452.4,0
1578.36,25.03,0
1348.73,261.46,0
2246.07,479.74,0
1067.3,665.83,0
1543.39,520.44,1
550.0,535.29,0
550.0,290.65,1
636.25,571.31,1
1797.71,517.93,0
1335.59,566.17,0
1258.66,1174.25,0
550.0,524.74,0
550.0,948.0,0
630.03,404.23,1
1722.21,397.88,0
550.0,490.07,1
603.44,669.58,1
550.0,989.47,1
879.8,429.24,1
550.0,362.83,0
1230.69,311.8,1
2137.72,274.36,1
1057.2,156.59,1
913.16,371.9,0
957.72,722.53,1
1066.25,993.82,0
1441.86,864.27,0
1048.33,9.61,0
1316.69,765.96,0
637.96,9.81,0
1368.39,418.29,0
1001.67,631.95,1
1812.59,641.93,0
939.55,468.79,1
1125.06,156.55,0
1269.84,509.97,0
1247.08,570.02,0
916.2,324.58,0
1375.84,419.82,1
550.0,458.89,0
732.92,53.89,0
975.15,1133.12,1
1868.73,455.84,0
909.16,841.63,0
979.58,305.22,1
1931.09,1132.38,0
1769.01,388.99,1
936.96,273.26,0
873.02,32.49,0
937.32,237.97,0
891.62,453.52,0
550.0,492.41,1
550.0,264.21,0
696.5,681.04,0
550.0,1043.79,1
550.0,760.75,0
1457.95,354.82,0
696.81,743.16,0
1041.16,433.62,1
1655.1,648.73,1
1509.02,197.52,1
561.16,497.27,1
1331.4,554.89,0
1404.98,354.11,1
550.0,527.12,1
869.01,352.77,0
765.65,670.46,1
1099.81,460.05,1
1481.33,373.24,0
550.0,1387.95,1
1356.47,748.5,0
1259.29,502.8,0
1173.15,425.96,1
550.0,499.04,1
1842.17,630.94,0
1301.32,701.13,1
1010.17,362.01,0
1167.09,498.37,0
550.0,510.13,0
1219.82,534.57,0
1154.99,519.21,0
925.54,300.08,0
1995.41,43.38,0
939.61,419.2,0
1655.56,928.97,0
1653.71,293.07,0
2069.92,346.49,0
550.0,190.53,0
1592.1,134.74,0
1177.13,282.06,1
550.0,859.66,0
550.0,86.82,0
1952.56,541.56,1
974.62,96.39,1
1442.25,564.09,0
2170.86,929.36,0
700.38,563.56,1
943.64,464.64,0
955.04,832.77,0
736.19,293.57,0
1939.46,845.15,1
1362.96,834.44,0
550.0,1527.6,0
1255.38,482.12,0
1588.03,124.47,1
1505.35,343.48,0
550.0,609.95,0
550.0,285.58,0
654.07,1022.08,0
1012.69,455.09,0
1052.32,590.87,1
728.55,322.41,0
1381.83,768.86,1
1236.0,384.98,0
1168.46,13.21,0
600.25,641.45,1
904.42,334.34,0
550.0,603.4,0
1723.29,439.27,1
742.01,307.52,0
876.01,255.08,0
920.33,1027.77,0
662.53,26.01,1
1437.02,1230.93,0
1057.49,821.7,0
1412.1,331.92,1
1865.64,542.84,0
1343.09,295.45,0
561.26,1131.07,1
1154.96,210.5,0
1138.68,491.93,1
1806.26,1332.11,0
550.0,241.85,0
762.18,774.24,1
1021.28,31.4,0
1257.82,479.92,0
768.6,852.11,0
1705.01,514.98,0
1318.78,230.0,0
1396.01,554.38,0
664.28,392.33,1
964.97,392.99,0
785.82,601.04,1
801.77,135.67,0
1281.8,858.82,0
1033.09,127.95,0
1169.45,463.43,1
550.0,685.98,1
1125.23,276.16,0
1261.09,598.7,0
586.41,538.83,0
1225.68,277.91,0
550.0,304.02,0
796.75,490.35,1
550.0,420.78,1
748.14,969.1,0
782.04,463.51,1
1581.56,622.55,0
826.67,670.5,0
1151.93,372.65,1
1231.08,869.92,0
550.0,163.52,0
1162.8,521.97,0
1062.47,78.23,0
810.88,413.01,0
643.02,88.0,0
550.0,605.29,0
550.0,274.41,0
550.0,331.95,1
1208.45,672.11,0
550.0,30.73,0
1370.13,350.81,0
576.05,705.36,0
1295.0,369.44,0
676.49,660.64,1
965.44,602.92,0
939.03,300.77,1
1085.52,83.35,0
1953.8,734.01,0
690.37,685.37,0
963.92,101.38,0
1499.56,103.21,0
550.0,644.33,0
1247.11,621.73,1
878.0,257.23,1
550.0,55.33,1
1403.53,1128.16,1
906.93,851.72,0
550.0,236.62,1
661.11,400.51,1
1280.96,69.82,1
1778.96,205.22,1
1320.1,581.23,1
858.35,116.84,0
1956.12,740.73,1
550.0,91.06,0
1110.45,525.42,1
1164.13,327.22,1
1651.53,187.64,0
1590.37,935.42,0
603.82,431.28,1
1647.31,49.35,0
873.9,232.09,0
550.0,849.95,0
988.76,1313.59,0
1891.21,490.88,0
1180.83,460.01,0
1272.81,869.23,1
1044.43,177.81,0
550.0,744.78,1
1617.38,499.12,0
577.36,771.92,0
550.0,734.61,1
550.0,94.14,0
550.0,977.1,0
550.0,649.67,0
874.34,631.09,0
550.0,1021.67,0
2068.82,617.05,1
550.0,686.21,0
1162.7,749.35,0
550.0,241.35,0
1100.88,388.99,0
734.59,978.95,0
550.0,554.0,0
1726.12,943.19,1
1262.83,708.0,0
1207.93,449.39,1
778.54,861.69,0
1377.9,758.06,0
1386.37,590.93,1
642.36,505.06,0
860.54,525.04,0
550.0,385.1,1
708.47,607.66,0
816.16,576.84,1
1214.59,250.64,0
550.0,885.91,0
550.0,492.35,1
1726.85,823.07,0
1143.1,286.66,1
550.0,381.77,1
1653.32,294.97,0
550.0,851.91,0
1332.25,312.96,1
1184.13,569.38,0
957.1,803.31,1
550.0,392.51,1
725.74,710.46,0
1119.65,880.94,1
1333.3,564.93,0
879.37,738.28,0
550.0,674.68,0
2010.62,483.35,1
550.0,383.02,0
982.12,906.47,0
1198.87,386.34,0
831.53,673.58,0
1486.63,1054.01,0
1366.81,659.3,0
821.19,461.33,1
1258.17,402.12,0
1690.71,398.24,0
550.0,103.49,0
728.22,676.73,0
550.0,536.78,1
639.37,524.67,1
891.4,81.12,0
907.52,288.04,0
662.79,403.94,1
1228.64,634.83,0
550.0,179.5,1
1025.74,15.99,1
1301.89,614.3,1
1866.75,298.67,0
908.42,14.54,0
732.5,149.54,0
1398.64,117.0,0
575.16,829.79,0
1058.22,354.82,1
628.32,273.04,1
1629.07,363.24,0
1139.31,882.94,1
1480.25,104.53,1
658.34,606.72,1
623.77,329.5,0
576.65,296.65,0
550.0,596.38,0
550.0,388.17,0
1709.55,564.85,1
1139.91,273.39,0
969.5,1020.08,0
550.0,273.64,0
793.35,765.13,1
1116.57,55.32,0
1310.88,499.31,0
1289.15,381.0,0
1885.27,385.69,1
765.63,491.0,0
968.74,349.9,0
1489.29,489.36,1
1858.88,126.44,0
752.01,660.36,0
1417.48,617.68,1
1594.27,616.64,0
611.64,583.16,1
859.94,531.17,0
1491.55,394.18,0
1446.86,608.95,1
550.0,770.54,0
908.6,553.36,0
1423.6,269.11,0
1574.03,799.67,0
550.0,656.92,1
677.71,169.54,0
690.37,694.65,1
2170.18,223.46,0
1840.34,426.25,0
1632.39,302.13,1
1005.43,85.53,1
998.18,358.05,0
1093.75,558.96,0
1348.39,529.29,1
581.94,518.23,1
550.0,823.43,0
1302.39,384.91,0
1625.16,583.95,0
1205.99,507.84,1
550.0,369.96,0
1269.8,226.61,0
1463.33,293.14,1
771.18,95.67,0
757.67,940.59,1
768.03,647.89,0
550.0,31.81,0
918.94,234.47,0
760.38,412.28,0
888.96,638.0,1
1610.1,98.2,0
550.0,206.6,1
1505.2,272.18,1
1204.99,870.73,0
1745.5,140.84,0
2269.73,392.97,1
550.0,959.25,0
708.12,427.97,0
1646.72,581.83,1
614.7,693.29,0
720.33,550.78,1
1025.38,624.94,0
1456.45,618.87,0
1395.58,299.59,1
550.0,360.74,0
1055.06,890.91,1
1659.19,719.3,0
1098.69,158.8,0
1809.95,863.25,0
1326.29,174.91,1
651.05,421.03,0
550.0,814.66,0
870.25,803.11,0
1450.56,691.7,0
550.0,1082.84,0
1195.22,914.73,0
550.0,795.43,0
1168.86,288.52,1
1242.17,584.2,0
917.28,662.34,0
550.0,684.01,1
1139.91,256.02,0
939.78,568.73,1
550.0,1089.85,1
895.52,424.22,1
550.0,692.32,0
747.84,692.21,1
1599.49,726.01,0
823.7,736.53,0
550.0,59.73,0
678.06,383.89,1
550.0,520.0,0
1965.15,860.28,0
770.2,443.68,0
1809.96,826.48,1
884.33,119.82,1
755.0,807.85,0
1212.97,663.54,1
1852.27,329.49,1
550.0,337.16,0
666.18,320.07,0
1338.96,356.98,0
550.0,96.25,0
924.97,987.22,0
1591.14,853.09,0
1237.01,395.55,1
778.67,339.21,0
550.0,174.71,1
550.0,367.26,1
550.0,214.55,0
749.67,762.83,0
986.24,267.45,1
1015.29,1044.76,0
1379.86,599.2,0
834.25,103.32,0
1743.48,530.95,0
1499.48,239.94,0
550.0,112.47,0
550.0,57.27,1
1507.28,766.22,1
550.0,680.53,1
667.13,504.07,0
1105.77,64.51,1
1380.55,196.27,1
1192.28,802.71,1
550.0,816.83,1
1269.76,1009.57,0
926.57,138.13,1
550.0,288.76,0
1178.57,366.6,0
1092.1,671.69,1
1022.56,588.03,1
550.0,481.26,1
1530.81,872.41,0
2163.35,929.43,0
1450.43,892.14,0
1743.58,249.13,0
1036.05,577.03,0
550.0,172.48,1
1055.65,592.62,0
1171.54,739.56,0
734.98,349.9,0
1128.16,931.8,1
1131.51,374.16,0
940.02,595.3,0
975.57,197.27,0
747.48,398.93,0
585.81,873.1,1
550.0,575.71,0
1703.66,453.99,0
902.27,745.2,0
1695.37,599.6,1
1314.72,424.09,1
550.0,237.74,0
827.25,361.58,0
1159.68,695.59,1
1096.07,432.12,1
550.0,447.96,0
550.0,673.1,1
1276.99,460.49,0
1156.34,750.87,0
885.44,259.07,0
902.24,350.81,0
1511.89,361.83,0
550.0,385.89,0
1201.96,917.7,1
1399.62,327.22,0
891.59,213.04,0
792.58,669.85,1
1138.98,97.15,0
1074.5,230.39,1
1417.73,1065.12,0
1016.92,255.18,1
1138.0,300.71,0
862.05,869.53,0
801.11,245.59,1
737.11,197.47,0
1756.7,620.18,1
550.0,398.49,1
1427.16,158.07,1
550.0,1341.99,0
550.0,477.44,1
1273.14,1115.4,0
1278.89,754.9,0
1465.35,588.34,0
1103.23,158.94,0
1559.91,688.92,0
550.0,561.33,0
878.21,727.94,0
1454.36,643.19,1
876.67,117.86,0
849.06,31.41,0
1055.31,203.97,0
1473.2,323.36,0
1089.88,609.84,0
984.42,418.85,1
995.68,110.33,1
613.33,970.35,0
564.44,667.33,0
1657.16,569.12,0
2295.73,153.98,0
550.0,243.95,1
924.7,918.36,0
550.0,802.22,0
1153.69,509.64,0
1301.39,432.03,0
850.91,517.28,0
943.89,463.69,0
550.0,458.77,1
648.46,831.01,1
1659.3,456.1,1
1109.34,113.07,1
1026.36,149.31,0
682.33,135.8,0
1261.06,590.21,1
952.97,240.46,1
1385.27,659.49,0
642.63,184.79,0
652.25,683.35,0
1140.39,143.04,1
550.0,331.56,0
681.71,182.99,0
550.0,190.27,0
2061.42,570.44,0
890.09,269.05,0
670.91,582.2,0
996.24,117.07,0
1557.12,676.26,0
678.71,524.98,0
1199.79,798.36,1
1198.92,376.65,0
1251.03,532.89,0
1587.13,947.19,1
550.0,237.86,1
550.0,793.43,0
579.11,503.17,0
714.24,12.89,0
1709.18,650.0,0
895.85,935.71,1
1152.58,103.59,0
550.0,108.1,0
1124.14,676.66,0
1724.89,734.3,0
550.0,256.21,0
1133.71,565.32,0
625.88,314.46,0
1384.97,699.9,0
976.35,841.37,0
550.0,205.84,0
550.0,1188.94,0
1648.37,46.28,1
975.2,505.11,0
650.07,2.2,0
724.62,864.6,0
1250.06,536.38,1
1419.79,630.85,0
550.0,342.05,1
825.43,452.41,0
1267.94,791.68,0
550.0,792.92,0
2240.87,410.31,1
1026.14,734.29,0
1009.33,368.76,0
1966.16,372.11,1
1001.9,600.67,1
653.45,446.32,0
1403.85,48.21,1
720.92,713.3,1
896.7,314.71,0
934.57,346.34,1
1865.22,253.31,0
805.65,539.13,0
550.0,811.75,0
1383.96,622.16,0
663.24,181.82,0
2015.84,1027.66,0
1593.51,824.79,0
782.9,34.53,0
2398.23,717.29,1
1578.04,162.12,1
1004.49,656.32,1
997.36,1315.33,1
929.41,669.98,0
1258.89,756.43,0
1011.74,959.36,0
1484.17,540.02,0
550.0,922.02,0
635.71,212.83,0
1049.26,839.33,0
550.0,26.76,1
1496.53,249.92,0
1162.89,324.98,0
550.0,575.64,0
690.05,446.66,1
804.9,371.24,0
1065.81,497.32,0
915.33,404.85,1
1920.34,972.2,1
1068.86,190.67,0
1175.28,557.65,0
550.0,1018.14,1
550.0,500.92,0
781.76,459.17,0
1987.99,485.32,0
1575.75,399.43,1
1722.27,182.64,1
846.6,475.88,0
661.87,752.58,0
550.0,759.08,0
907.68,140.1,0
1225.45,163.7,0
550.0,68.17,0
550.0,805.51,0
550.0,1088.51,1
1173.08,796.16,0
550.0,322.83,1
726.25,356.7,1
1366.27,43.72,1
1506.08,705.39,0
856.67,669.49,1
1666.44,607.5,1
837.24,159.38,0
588.25,253.35,1
1470.97,253.54,0
1016.49,499.0,0
1152.85,56.09,1
1084.17,719.87,0
1807.95,497.24,1
550.0,193.11,0
1165.21,504.28,0
585.01,536.05,1
550.0,24.75,0
550.0,623.76,0
850.67,356.65,0
1230.48,16.45,0
1036.2,200.87,0
550.0,614.44,1
2816.76,713.65,0
1522.63,420.15,0
600.38,104.02,1
550.0,382.59,0
897.24,981.44,0
754.31,778.7,1
1289.57,750.31,0
1063.24,651.54,0
696.07,363.82,0
795.11,892.19,0
912.52,208.85,0
857.66,403.3,1
1258.83,706.86,0
1676.03,663.92,0
813.95,923.03,1
788.01,82.89,0
576.91,501.05,0
872.78,351.0,0
2057.02,574.14,1
1651.12,636.95,0
688.09,385.88,1
550.0,799.8,0
1194.06,445.96,1
1449.62,361.41,0
1447.61,986.6,0
1070.65,702.0,1
1212.51,1372.63,0
550.0,337.9,1
1086.8,22.8,1
550.0,595.84,0
1165.33,218.34,0
833.44,80.76,0
960.37,535.83,1
805.92,506.72,0
550.0,174.0,1
1041.61,452.98,0
1523.17,1003.37,0
996.16,368.3,0
857.2,556.04,0
758.47,233.15,0
550.0,270.78,0
550.0,1008.69,0
1316.87,438.96,0
1050.07,351.05,1
672.98,378.25,0
550.0,394.66,0
1434.89,514.35,0
550.0,525.01,0
550.0,257.15,0
550.0,489.95,0
844.14,905.87,1
1053.33,377.9,0
1406.52,283.62,1
550.0,956.66,0
1022.52,327.59,0
550.0,282.17,0
1584.58,536.1,0
1608.94,378.38,0
1128.87,446.52,0
1274.43,434.25,0
1871.75,633.05,1
731.64,830.59,1
550.0,575.87,0
601.22,217.01,1
1810.83,801.94,0
550.0,684.38,0
965.59,721.2,0
1291.47,66.02,1
995.09,106.72,0
550.0,946.35,1
1383.97,392.49,0
550.0,185.55,0
550.0,700.38,0
1346.8,1243.9,1
1636.48,284.29,1
1445.21,107.18,1
617.7,207.87,0
1415.76,880.55,1
1928.68,301.85,0
834.38,1248.14,0
933.54,403.69,0
612.06,471.87,0
550.0,13.99,0
1643.35,546.83,0
634.81,623.14,0
1314.28,703.95,1
1758.77,808.22,0
1382.66,301.07,0
612.66,139.13,0
725.59,927.04,1
1648.57,731.02,0
663.52,479.65,0
1360.17,237.51,1
680.25,532.37,1
550.0,1160.63,1
857.01,532.4,0
792.58,809.23,1
957.99,432.24,1
559.57,774.16,1
1204.79,425.86,0
1342.22,1079.89,1
556.89,715.67,0
1494.94,47.64,0
1461.93,637.14,1
1790.88,695.61,0
915.44,251.03,1
1013.51,689.68,0
1086.21,761.18,0
1241.63,332.68,1
550.0,610.78,1
550.0,629.44,1
879.48,663.46,0
550.0,124.11,0
1663.91,801.23,0
638.38,710.83,1
1202.03,484.91,1
1140.45,1068.53,0
550.0,319.65,0
1163.6,414.13,1
550.0,284.75,0
860.83,804.15,0
1431.12,579.17,1
1161.07,534.56,0
550.0,462.36,0
1438.23,1565.91,0
1345.99,210.99,1
1179.79,701.7,1
1043.59,708.55,1
714.9,662.04,0
718.51,562.48,0
1337.46,564.81,1
617.43,683.11,1
550.0,786.86,1
550.0,851.92,0
559.1,529.5,1
1860.12,607.87,1
1177.16,893.63,1
896.66,780.08,1
624.05,782.08,0
2004.49,907.72,1
550.0,447.98,1
550.0,265.49,0
1498.46,289.49,0
644.63,26.58,0
1505.14,385.07,0
1099.56,432.09,0
1919.08,178.23,1
792.4,720.05,1
1486.85,117.67,0
1251.83,279.62,1
938.79,1207.74,0
874.22,611.22,1
1013.74,385.22,0
579.17,414.2,0
1183.73,458.72,1
1044.76,394.2,0
550.0,398.65,1
1022.41,504.11,0
810.43,137.27,0
1246.98,710.19,0
976.2,34.11,1
1565.14,888.22,0
1232.61,473.43,1
1335.3,635.28,1
550.0,547.29,0
605.16,105.74,1
550.0,598.67,1
1371.3,669.83,1
811.64,66.66,0
962.85,232.1,0
996.4,462.37,0
1575.36,608.6,0
875.41,387.68,0
812.78,367.24,0
691.66,41.14,0
1447.9,353.04,0
1505.89,1089.14,0
1995.6,832.96,0
680.27,389.08,0
1496.88,697.14,1
590.26,327.18,0
1229.94,355.61,0
761.51,612.64,0
550.0,463.41,1
1411.12,402.09,1
826.42,549.53,0
1475.81,311.06,0
550.0,538.91,0
1216.33,298.63,0
550.0,263.71,0
1115.77,706.24,1
985.17,1033.66,0
1125.46,1066.76,0
2592.94,400.44,0
950.35,926.39,0
1378.36,980.86,1
893.55,4.85,1
1930.0,533.78,0
1013.29,48.9,0
1529.95,182.81,1
1523.56,665.9,1
781.98,419.94,0
1454.39,25.06,1
659.08,765.5,1
550.0,204.36,0
1228.89,811.54,0
1433.02,1066.27,0
821.43,800.0,0
1160.49,162.88,0
1168.67,750.11,0
550.0,704.41,0
862.9,238.83,0
1417.34,374.73,0
550.0,779.04,0
1571.7,424.93,0
601.46,414.33,1
550.0,12.93,1
1109.85,265.66,0
1536.47,318.57,0
895.14,227.24,1
786.88,585.04,0
590.41,340.12,1
550.0,951.96,0
615.55,286.22,0
1808.9,172.86,1
965.33,167.4,0
935.16,462.56,1
1648.71,817.04,0
1620.64,402.32,1
1531.42,1096.88,1
665.08,342.61,0
1423.57,249.96,0
829.55,467.36,0
774.79,367.35,0
808.7,585.36,0
1220.57,986.43,0
2121.6,416.2,0
1546.85,350.83,0
1193.27,514.51,1
1515.07,949.39,0
571.69,709.35,0
707.14,424.38,0
1417.24,573.58,1
868.5,93.81,1
1538.12,905.75,0
1440.35,326.94,1
1177.49,863.48,0
897.6,567.27,0
828.83,65.86,0
859.96,133.08,0
571.99,1014.71,1
550.0,232.4,1
1466.77,862.44,0
661.47,583.96,0
1173.31,245.29,0
1475.63,416.89,0
550.0,643.85,0
994.11,841.01,1
617.7,337.07,0
1295.39,1022.91,1
550.0,350.39,0
1454.19,640.5,0
1496.1,759.92,0
1342.51,418.09,1
987.0,538.63,0
854.64,411.4,1
864.12,306.02,1
933.34,590.33,0
1366.15,684.88,0
984.08,731.79,1
978.82,703.47,0
1046.69,295.67,0
891.35,13.67,1
1447.99,601.19,0
931.73,295.54,0
759.25,814.23,0
1239.85,47.58,0
550.0,672.37,0
550.0,290.16,0
1072.97,352.41,1
1411.35,536.63,0
1063.59,881.56,1
1209.54,773.02,1
967.5,619.84,0
1340.86,768.27,1
898.42,753.79,0
550.0,416.13,1
736.06,643.32,0
856.29,1013.59,1
1193.66,725.85,0
661.34,652.11,0
1681.9,455.82,1
550.0,380.43,0
550.0,585.06,0
550.0,1047.11,1
1302.08,520.44,0
897.34,465.82,1
738.56,493.17,0
1483.89,542.94,0
1773.43,668.06,1
550.0,225.57,1
1313.83,607.12,0
1754.53,273.92,0
660.2,581.34,0
2393.06,402.17,1
2031.17,351.68,1
1190.73,538.72,1
946.99,507.04,1
1055.58,276.43,1
652.85,655.21,1
550.0,459.12,0
1056.18,439.76,0
877.32,784.49,0
1386.69,754.54,0
1492.49,178.38,0
2240.4,725.03,0
550.0,468.55,1
1486.55,781.75,0
571.47,850.65,1
1662.01,313.55,0
1284.46,647.91,1
1411.04,465.67,0
1218.0,571.74,1
550.0,711.91,0
1721.9,219.41,1
1048.32,652.63,1
761.55,184.15,1
550.0,419.73,0
2122.41,68.76,0
959.84,398.1,0
761.29,880.52,0
550.0,182.65,1
958.82,475.59,0
2003.66,741.29,0
998.15,583.62,0
1841.69,631.45,1
1243.54,511.24,1
550.0,824.43,1
550.0,899.21,0
1155.29,1012.36,0
1229.67,165.76,0
1487.28,160.18,0
550.0,247.21,0
550.0,561.86,0
550.0,233.4,0
550.0,675.96,0
1134.91,395.58,1
1074.52,76.99,0
894.63,980.29,0
550.0,399.1,1
826.08,340.94,0
1504.65,699.89,0
1573.03,820.74,0
1530.0,552.64,1
1715.76,75.55,0
723.76,503.45,0
1723.02,399.63,0
1155.62,464.49,0
550.0,93.57,1
550.0,508.93,1
550.0,761.44,1
887.74,695.28,0
901.0,35.04,1
852.64,428.46,0
1065.93,585.78,0
1572.71,323.24,0
550.0,427.33,1
1666.59,899.5,1
1312.45,254.48,0
935.11,365.78,1
2009.45,292.74,1
1128.51,684.79,0
643.1,1068.25,0
1752.42,555.27,1
938.82,484.13,1
550.0,434.71,1
1405.88,887.54,0
1214.95,140.66,0
639.55,347.38,1
706.79,210.71,0
733.56,510.23,0
550.0,950.15,1
1864.1,771.54,1
798.61,335.16,0
725.08,489.23,1
888.38,594.27,0
1334.33,575.33,1
1036.9,496.63,0
720.82,875.02,0
1213.2,107.47,0
1487.6,660.53,0
1161.44,467.44,0
852.09,254.81,1
1646.56,210.68,1
906.49,699.35,1
1125.41,708.78,1
901.94,1023.35,0
1393.7,289.19,0
591.05,609.33,1
1358.27,279.96,0
1115.03,662.48,0
550.0,313.87,0
550.0,600.0,1
1030.3,248.55,1
550.0,275.54,0
1558.03,572.2,0
550.0,373.21,0
1432.58,894.26,0
797.81,859.48,1
1269.91,799.79,0
1803.59,136.85,1
550.0,496.33,1
1479.65,469.03,0
550.0,155.03,0
550.0,224.19,0
1030.61,1131.48,0
1260.83,790.43,0
550.0,855.73,0
1232.47,158.27,1
1195.55,445.23,1
550.0,111.45,0
1599.99,525.08,1
863.89,768.97,0
1117.64,1111.76,0
1647.02,416.46,0
563.95,358.21,0
952.41,253.48,0
1294.79,622.3,0
715.39,398.03,0
550.0,375.04,0
550.0,773.12,0
550.0,519.1,0
819.87,516.74,0
999.43,431.74,0
1476.57,711.54,0
1152.07,335.95,0
754.89,552.49,1
550.0,249.68,1
1886.86,257.81,0
1133.97,498.38,0
550.0,191.07,0
1383.14,291.71,0
1264.32,643.59,0
2181.96,819.81,0
760.98,811.64,1
1384.6,246.71,0
1574.12,342.59,1
550.0,404.19,0
950.3,668.11,1
940.49,622.82,1
1337.64,232.02,0
657.43,886.83,1
1285.02,507.52,0
2027.42,659.36,1
924.31,860.94,0
550.0,338.63,0
1186.64,775.84,1
1365.18,1306.51,1
1287.85,587.45,1
1135.53,638.61,0
550.0,214.99,1
1333.31,378.03,0
1033.18,938.16,0
1102.88,1004.95,1
2186.62,741.75,1
550.0,1023.45,1
1093.37,640.98,0
1573.03,220.63,1
675.65,335.64,1
1584.32,757.21,1
1328.73,780.46,1
995.87,108.22,0
1015.18,568.72,0
550.0,126.98,0
550.0,192.55,1
550.0,403.16,0
852.22,368.43,0
1061.61,117.16,0
795.56,18.23,0
1778.46,657.76,1
955.54,499.79,0
1370.88,970.89,0
550.0,752.61,0
1684.91,678.12,0
824.59,120.83,0
1510.32,688.98,0
1374.36,154.9,0
1062.68,748.12,1
767.25,25.4,1
1218.48,428.84,0
594.6,207.14,0
727.05,183.98,0
1789.94,407.92,0
765.54,65.01,0
550.0,551.02,0
558.05,723.46,0
1421.05,788.01,0
550.0,713.06,1
594.82,30.06,1
1536.89,26.83,0
573.09,71.09,0
550.0,397.33,1
1253.45,670.26,1
1359.74,15.23,0
843.63,573.22,0
986.66,490.08,0
1421.49,1145.54,0
550.0,498.66,1
855.68,556.58,0
550.0,80.0,0
557.05,674.88,1
614.25,195.47,0
736.55,458.72,1
1755.48,140.31,0
587.88,421.5,1
1536.98,267.89,1
1431.8,487.22,0
1511.32,730.62,1
1169.09,688.39,0
1005.49,330.77,1
550.0,773.29,0
806.32,213.07,1
550.0,133.63,1
921.39,140.16,1
1380.15,439.64,0
1942.55,1089.4,0
1158.05,173.55,0
976.39,292.84,1
1303.24,989.25,1
846.02,272.41,0
1052.22,550.11,0
550.0,496.29,0
992.46,358.12,0
1385.96,47.23,0
1952.95,539.04,0
1396.11,149.42,1
976.06,692.25,1
1179.85,28.74,1
550.0,753.8,0
550.0,720.12,1
1346.45,512.67,1
1034.3,193.7,0
1026.67,273.07,0
1502.69,195.91,1
550.0,93.26,1
901.6,628.48,0
560.07,428.93,0
550.0,201.96,1
867.61,154.71,1
1038.87,58.41,1
1023.19,937.47,0
1593.93,328.26,0
550.0,345.76,0
1312.07,1016.73,0
550.0,78.01,1
732.98,646.2,1
834.54,1030.56,0
758.5,380.34,0
1399.45,951.7,0
1689.64,417.65,0
1689.2,740.25,1
1821.0,553.0,1
782.67,510.22,0
1138.02,624.6,0
710.01,47.38,1
1413.97,613.62,1
550.0,429.64,0
550.0,358.44,0
1181.68,157.44,1
629.66,157.02,0
958.52,856.39,0
1249.39,499.06,0
2041.61,831.25,0
550.67,546.54,0
1269.7,792.87,1
786.83,459.72,0
550.0,797.71,0
818.4,740.32,0
550.0,63.74,0
1384.34,514.0,1
1630.18,513.19,1
1402.62,716.27,0
927.23,675.93,1
840.53,710.01,0
1197.81,628.9,1
692.3,475.8,0
1137.9,627.53,0
1572.19,278.54,0
550.0,286.94,1
550.0,480.89,1
763.08,259.31,0
1768.98,599.24,1
550.0,40.9,1
1201.92,546.82,1
834.23,551.58,0
610.18,323.85,1
592.53,756.19,0
550.0,426.87,0
800.99,642.05,1
853.13,742.75,1
550.0,2.21,1
1428.71,959.21,1
550.0,482.35,0
1253.88,381.02,0
901.11,914.75,0
550.0,688.6,0
1116.57,378.34,1
1126.81,572.81,1
1719.91,524.54,0
1740.34,831.82,1
1476.26,256.84,0
550.0,655.46,0
550.0,621.84,0
550.0,329.86,0
796.45,787.55,0
918.67,128.41,0
2547.46,207.78,0
1148.42,411.71,1
550.0,476.85,1
550.0,316.28,1
2033.79,123.13,0
889.12,682.57,1
1569.27,418.54,0
1559.46,615.76,0
974.21,712.49,0
550.0,136.51,0
550.0,486.27,1
1101.3,224.69,0
1149.79,294.11,0
826.39,409.46,0
811.12,545.38,0
708.49,937.85,1
620.16,672.99,0
1647.88,605.78,0
1010.29,172.3,0
550.0,185.79,1
1233.61,871.0,0
901.73,110.39,0
1686.78,321.81,1
1729.89,190.17,1
646.73,213.15,1
1292.68,543.48,0
550.0,239.61,0
550.0,402.81,0
550.0,452.06,1
641.92,728.7,0
735.97,144.0,0
597.95,684.18,1
660.3,840.21,0
1202.35,311.3,0
1015.9,512.55,0
1211.73,516.89,0
591.9,790.45,1
741.18,235.79,1
759.92,237.53,0
829.85,560.84,0
550.0,97.11,0
707.6,823.29,0
1259.57,703.53,0
728.73,699.78,1
2054.6,217.02,0
1841.53,880.97,1
556.8,963.36,0
1286.07,187.63,1
1054.45,571.38,0
611.55,846.64,0
1335.94,242.77,0
579.44,511.53,0
550.0,47.03,0
818.85,123.91,1
876.47,506.68,0
1123.28,274.49,1
1131.08,127.93,0
550.0,382.66,1
550.0,71.09,0
1484.35,513.61,1
1104.41,848.77,0
1208.48,463.28,0
1749.76,920.71,1
774.15,294.12,0
550.0,357.36,1
568.77,183.39,1
1611.13,289.96,1
550.0,493.67,0
966.94,674.08,0
1363.77,1012.71,1
1325.14,176.86,1
647.08,5.52,1
550.0,37.87,1
1051.87,323.72,1
726.76,919.43,0
1444.86,733.19,0
1771.64,355.7,1
572.31,467.86,0
550.0,378.27,0
1367.75,829.6,0
550.0,584.5,0
550.0,173.56,0
1330.52,902.12,1
707.95,1040.66,0
1658.43,460.71,0
707.44,1199.93,1
550.0,64.6,1
1004.72,263.69,0
1200.6,811.38,1
562.23,438.45,1
1006.58,767.78,1
1144.82,273.57,0
1114.36,505.49,0
676.56,552.24,0
550.0,185.8,1
1170.14,757.79,1
550.0,807.34,0
2046.36,804.37,0
1077.07,704.37,0
1386.95,387.79,0
1386.67,662.07,0
550.0,133.69,1
551.61,547.19,0
1005.18,800.06,0
1625.2,30.27,0
1204.2,264.73,0
778.08,282.42,0
1027.22,166.11,1
1941.44,28.23,1
1161.71,774.41,1
550.0,175.5,1
550.0,720.95,0
853.49,278.3,0
1352.6,589.73,1
550.0,467.4,0
1015.62,1127.22,0
1054.14,308.78,1
550.0,609.16,0
1164.87,501.71,1
1316.59,163.96,0
1620.01,891.11,0
550.0,171.28,1
622.83,135.44,0
1101.32,627.87,0
550.0,696.52,0
2482.45,798.67,0
550.0,879.06,0
1343.88,1154.36,0
1564.88,697.54,0
840.88,221.11,1
550.0,340.36,0
1049.9,310.73,0
783.68,540.28,0
550.0,593.96,1
847.13,1113.81,0
1864.95,855.28,0
1176.06,509.53,1
1197.95,424.29,1
803.24,396.68,0
550.0,576.33,1
1026.89,149.28,0
1395.6,644.65,0
926.39,285.3,0
2196.04,534.15,1
1228.67,255.69,0
1457.02,193.61,0
1467.32,556.03,0
550.0,424.57,1
991.61,630.77,0
550.0,529.51,1
989.83,481.62,1
1294.28,781.13,0
550.0,9.28,1
574.11,513.85,0
740.44,703.92,0
999.91,544.9,0
1073.25,843.34,1
550.0,874.61,1
861.09,259.3,0
1275.64,514.5,0
800.65,924.14,0
1096.37,515.33,0
550.0,188.4,1
550.0,716.21,0
1778.42,89.94,0
550.0,698.47,1
1153.38,843.0,0
550.0,727.82,1
1656.84,433.85,1
687.1,582.15,0
1109.72,44.17,0
1336.58,938.65,0
652.13,428.53,0
1251.57,860.35,1
550.0,509.05,0
1345.36,218.21,1
971.06,757.35,1
713.43,646.91,0
550.0,1035.56,1
2173.66,713.77,0
550.0,699.72,0
982.14,719.34,0
1813.67,575.13,0
1488.74,497.92,1
1032.2,582.38,0
641.56,515.97,0
1972.1,934.26,1
1381.99,401.84,0
964.27,623.13,0
749.78,502.64,0
690.56,521.09,0
1420.97,888.93,0
593.33,522.54,1
824.72,202.39,0
1484.11,669.33,0
1653.2,853.9,0
550.0,69.49,0
1190.94,605.16,1
1292.55,692.31,1
854.32,87.62,0
1305.44,401.45,0
744.96,590.96,0
1711.71,1013.39,0
770.74,372.5,1
550.0,641.16,0
1037.77,22.57,1
550.0,335.59,1
949.45,540.27,1
829.16,367.52,1
1413.16,554.43,0
795.13,1110.65,1
1495.88,764.44,1
1172.05,631.0,0
1000.46,354.08,0
1376.82,636.25,1
850.9,166.22,0
2047.85,667.98,1
550.0,406.06,1
550.0,336.71,0
550.0,258.5,1
1003.08,553.67,1
905.66,1061.04,0
607.23,468.05,1
795.02,505.39,1
2014.53,349.18,1
930.21,566.0,0
2034.08,230.2,1
1108.96,523.92,0
1169.3,376.64,0
1280.42,281.29,1
584.56,675.47,1
602.49,489.82,1
1451.42,414.73,0
550.0,710.29,0
2228.78,8.42,0
961.97,301.57,1
550.0,145.93,1
834.57,439.92,1
857.34,139.8,0
974.78,754.78,0
550.0,903.12,1
1245.36,727.46,0
550.0,230.72,0
1434.95,1010.57,0
1198.31,747.07,0
906.08,702.68,0
1295.36,46.4,1
765.15,469.24,0
1326.19,444.04,0
1358.99,346.6,1
901.84,280.13,0
811.92,19.64,0
914.6,547.89,1
963.49,593.93,0
1561.0,643.29,0
1014.08,276.56,0
787.09,828.23,1
820.98,285.53,1
562.94,494.66,0
839.82,700.17,1
1175.26,60.38,0
1553.57,844.06,1
745.2,642.3,1
897.47,112.36,1
897.54,1032.54,1
600.01,922.82,1
988.77,791.05,1
1943.54,418.46,0
728.24,616.13,0
1404.58,508.44,0
1324.79,445.99,0
1754.22,635.61,1
1228.73,479.01,0
550.0,644.38,0
841.64,642.0,0
1031.45,355.85,0
1017.71,552.38,0
818.79,897.01,0
1151.39,1200.29,0
550.0,466.04,0
1081.25,861.93,1
1313.71,839.16,1
783.91,1092.25,0
1195.25,443.95,1
550.0,935.23,0
1454.5,393.24,0
550.0,826.02,0
1207.99,617.54,1
1460.2,606.25,0
550.0,250.64,0
1410.37,380.29,0
976.42,22.64,0
1937.36,471.75,0
1109.14,358.51,0
550.0,902.1,1
1134.03,984.12,0
1613.59,1070.89,0
1256.39,592.6,0
1373.24,249.93,1
946.9,596.87,1
746.19,175.3,0
735.48,812.71,1
713.07,845.74,0
1492.21,943.07,0
550.0,418.94,1
846.38,842.59,0
1506.92,657.32,0
1787.52,446.99,0
1253.92,254.82,0
1127.34,695.64,0
550.0,761.76,0
1481.17,866.11,0
550.32,833.79,1
676.94,504.16,0
982.34,94.79,0
870.7,836.51,1
550.0,892.35,1
550.0,719.3,1
1260.48,642.56,1
1662.55,929.42,0
1625.02,195.41,0
550.0,243.47,1
1241.4,663.77,0
1366.41,1067.16,0
865.23,519.56,0
550.0,274.94,0
1144.18,269.27,0
550.0,200.61,0
847.5,450.23,0
550.0,454.37,0
910.77,412.71,1
968.4,474.64,0
550.0,380.44,0
894.61,191.89,0
1900.51,815.84,1
695.85,1058.78,1
1278.78,60.41,0
550.0,762.56,0
1064.7,853.17,0
1136.53,29.91,0
1158.81,367.32,1
1293.97,756.53,0
890.03,620.5,0
659.36,221.75,0
550.0,427.19,0
959.11,105.58,0
587.41,526.89,1
1233.39,1103.46,1
1208.75,574.9,0
952.71,313.49,0
1672.14,249.43,0
1226.92,137.5,0
704.82,492.72,0
1222.1,400.08,0
746.96,335.93,1
1516.18,419.58,0
1216.56,624.93,0
550.0,65.14,0
1291.47,428.66,1
1306.61,585.89,0
1707.24,1155.6,1
1421.91,993.73,1
1551.69,962.41,0
976.05,481.87,0
1077.55,81.33,1
592.47,319.47,1
1901.93,674.85,1
1102.68,108.35,0
1168.01,335.34,0
1709.82,1019.27,0
919.65,1094.1,1
1356.81,472.25,0
1349.61,565.76,1
1946.87,815.24,0
1520.66,390.41,0
1029.78,344.32,0
1640.35,16.32,1
947.02,582.49,0
1214.26,608.01,1
1075.51,243.85,1
774.56,1003.29,0
1554.05,609.36,0
789.19,718.26,1
793.9,254.51,0
1341.66,369.36,0
679.29,889.96,0
1586.43,356.56,1
1029.58,536.85,1
837.79,745.25,0
1219.17,635.43,0
717.8,524.78,1
550.0,278.16,0
1184.28,320.38,1
550.0,477.22,0
1666.04,369.84,0
1371.91,906.34,0
852.81,336.31,1
860.64,525.55,0
601.5,422.68,0
1010.97,591.17,0
550.0,431.09,0
1463.97,244.47,0
987.04,504.71,1
1289.57,575.73,0
550.0,422.08,0
550.0,347.77,0
1029.81,24.46,0
779.94,66.42,0
660.24,534.92,0
1020.35,114.53,0
714.31,380.52,1
1175.56,701.66,0
1154.13,599.28,1
948.98,689.82,1
899.97,688.21,1
1211.22,590.32,1
1047.86,905.7,1
1199.76,456.96,1
1421.77,493.6,0
2130.05,839.07,0
1550.51,148.42,0
1967.05,1080.25,0
1003.5,382.44,0
922.31,314.82,1
905.99,584.18,0
1162.05,331.68,0
917.42,515.4,0
550.0,291.25,0
2369.85,403.31,0
550.0,31.28,0
2186.44,626.15,0
992.53,505.11,0
1372.17,873.65,0
917.3,588.81,1
1363.54,452.71,0
1015.7,546.59,1
550.0,526.23,0
1344.89,102.77,1
632.32,488.42,0
688.68,708.18,0
716.61,995.09,0
1667.96,344.67,1
882.35,663.78,0
550.0,232.45,1
2111.58,676.72,1
662.93,989.58,0
1010.89,581.64,0
1394.28,170.79,1
550.0,422.57,1
550.0,288.91,0
1809.46,377.13,1
1065.79,380.22,0
550.0,551.48,0
1032.08,530.8,0
820.43,573.52,0
643.21,274.11,0
1318.16,785.01,0
550.0,604.13,1
586.69,317.88,1
1317.5,169.35,1
734.98,757.53,1
1228.22,460.19,0
690.87,313.82,0
1246.55,777.32,0
1671.11,848.09,0
696.19,444.87,1
609.97,32.79,0
550.0,113.42,1
1175.77,223.27,1
994.02,757.76,0
1561.56,525.49,1
1487.0,806.68,0
1305.82,347.3,1
550.0,530.03,0
1139.0,1191.61,1
598.13,642.53,0
550.0,683.43,0
945.36,281.91,0
550.0,714.65,0
1300.04,554.01,1
1047.13,553.82,1
1282.32,752.49,0
1322.55,818.06,0
975.14,277.69,0
2727.04,772.22,0
917.84,958.22,0
1463.73,738.76,0
671.47,185.52,0
550.0,339.7,0
1348.31,1012.37,0
1114.3,821.15,0
1032.34,221.1,1
986.38,72.66,0
928.36,749.46,0
1789.95,474.51,0
1575.85,807.83,1
1083.05,710.06,0
1760.77,459.59,1
1806.23,898.98,1
632.61,408.07,0
1338.02,115.06,0
550.0,68.91,0
752.35,723.63,0
1168.93,143.66,1
1078.38,188.26,1
1857.6,451.37,0
767.45,152.8,0
550.0,55.58,1
1398.37,865.6,0
1791.41,584.62,0
598.47,971.78,0
822.88,99.71,0
1351.19,122.85,0
669.41,314.18,1
1741.57,668.65,1
1291.47,259.1,0
811.36,1036.7,1
550.0,548.27,0
914.61,1014.42,0
1084.91,830.3,0
986.07,71.57,1
550.0,1489.33,0
1377.51,33.1,0
1226.9,124.54,0
973.81,615.27,1
1637.03,72.67,0
825.1,1158.99,0
550.0,196.71,0
1145.91,561.14,1
1196.5,458.34,1
1142.34,543.48,0
675.76,618.96,1
600.31,142.87,1
1531.71,318.78,0
730.3,1162.25,1
839.02,646.01,0
1002.82,1139.61,0
1240.92,154.29,0
1508.89,284.42,0
1674.78,126.6,1
550.0,72.65,1
897.9,878.38,1
1438.33,442.11,0
1113.56,38.55,0
550.0,566.81,0
550.0,367.33,1
1672.22,527.91,1
1051.16,98.68,0
1406.46,169.89,0
955.63,698.47,0
1751.95,662.06,0
1364.97,220.55,1
1012.98,78.91,1
1358.53,832.65,0
550.0,355.38,1
1774.08,522.48,1
1152.41,676.01,0
550.0,408.84,0
1132.62,1216.87,1
1145.43,592.24,0
550.0,211.66,1
830.58,902.26,1
550.0,440.12,0
581.23,763.99,0
906.8,157.3,1
1438.56,516.27,0
1184.55,413.01,0
1257.89,596.72,0
1054.0,735.07,1
550.0,883.76,1
1066.98,697.27,0
550.0,86.43,0
1535.8,622.19,0
1835.01,842.08,1
550.0,344.01,1
1524.01,658.44,0
873.98,778.0,1
860.71,546.49,1
976.6,483.23,0
1099.53,218.94,0
1291.36,614.33,0
918.0,288.11,0
1186.46,286.16,0
550.0,355.3,0
1251.08,282.53,1
1033.74,815.76,0
1255.65,711.58,0
1307.18,149.03,0
650.59,889.26,1
1017.85,553.96,0
771.68,436.59,0
550.0,556.16,0
1205.61,642.57,1
838.09,226.89,1
1881.78,31.56,0
909.24,432.83,1
1327.08,84.94,1
1376.39,36.68,0
1564.31,203.81,0
1403.29,399.15,0
550.0,287.23,1
804.42,66.63,0
1202.15,1127.32,1
884.1,926.52,0
1314.1,1209.42,0
942.18,721.79,1
1513.75,462.52,0
1538.64,855.67,0
728.28,747.22,0
1373.52,243.99,0
1111.51,72.77,0
743.14,7.43,0
938.02,130.91,0
550.0,477.04,1
1418.41,883.36,0
824.68,443.81,0
550.0,696.13,1
1245.47,521.89,0
1080.39,232.64,1
1203.14,413.73,0
550.0,529.29,0
1596.19,735.47,0
1816.71,372.31,0
1655.49,607.94,1
1309.44,898.41,0
550.0,289.02,1
981.57,632.73,1
550.0,172.4,0
1533.97,521.74,1
1551.59,221.29,1
771.94,251.07,1
1057.01,207.59,0
598.26,303.09,1
1062.4,613.88,1
1420.25,513.57,1
912.18,466.76,0
2187.19,222.5,0
1466.12,564.1,1
1608.13,751.05,1
1404.97,239.1,0
1476.04,263.1,0
2097.51,882.41,0
872.51,763.07,0
1069.19,397.15,1
708.08,137.97,1
1068.3,629.24,0
812.92,212.02,0
838.47,219.28,1
1487.08,495.59,0
726.54,547.76,0
1065.62,420.97,0
1572.46,792.09,0
550.0,290.28,0
1914.87,273.61,0
933.03,755.42,0
1198.14,137.93,0
1428.56,661.4,0
550.0,991.53,1
1693.37,627.71,0
1000.26,76.71,0
1193.46,721.33,1
948.18,122.42,0
1221.1,249.89,0
694.46,358.04,1
724.79,912.79,1
550.0,510.33,0
846.7,519.02,0
1531.23,140.5,1
632.84,676.1,1
820.88,116.81,1
550.0,173.52,1
1627.28,681.23,1
1246.25,429.54,1
684.35,352.73,0
550.0,738.71,1
550.0,422.75,1
1581.07,278.44,1
1814.66,433.52,1
550.0,575.86,0
1526.27,670.2,1
550.0,189.29,1
1122.76,325.05,1
550.0,543.23,0
700.49,596.34,0
550.0,428.63,1
1524.87,490.03,0
1239.34,175.75,0
550.0,639.38,1
717.49,487.61,1
1090.36,178.33,1
550.0,781.13,1
697.91,485.98,1
905.51,161.12,1
694.97,489.78,0
1318.62,310.06,1
837.37,235.1,0
1438.77,176.24,0
550.0,513.93,0
550.0,240.37,1
976.75,768.59,0
1555.16,294.43,0
550.0,42.64,0
1765.92,903.8,0
760.31,458.1,0
1156.5,708.0,1
964.35,1090.06,0
596.2,441.08,0
1363.61,530.86,0
1083.69,375.58,0
611.52,217.89,0
1757.2,279.56,0
1048.47,1122.05,0
1025.57,81.44,1
998.05,937.29,1
986.1,412.02,0
550.0,710.67,0
550.0,305.33,0
785.53,3.86,0
958.81,912.69,0
1005.51,472.01,0
1721.87,660.06,0
1046.05,704.8,1
1594.79,423.56,0
1448.19,959.64,0
550.0,934.49,1
1995.91,612.47,1
757.98,76.09,0
1211.64,669.46,0
999.91,664.88,0
702.41,819.36,0
1558.39,451.96,0
550.0,171.47,0
1002.74,81.65,0
572.97,414.17,0
630.11,470.22,0
1076.83,353.65,0
1473.52,1166.55,0
988.52,347.82,1
550.0,492.37,0
728.28,502.84,1
958.39,521.3,0
1045.03,208.95,1
616.76,502.97,1
550.0,673.43,0
955.53,551.57,0
897.32,248.28,1
1212.22,479.64,0
1345.45,690.81,0
1011.95,132.27,0
803.66,483.69,1
769.59,1003.05,1
760.67,98.23,1
2054.95,734.76,1
1865.6,840.77,0
1589.48,257.65,0
666.15,831.59,0
756.23,1392.16,0
1625.17,930.29,0
550.0,371.84,0
1231.41,247.54,1
1628.62,831.39,0
1145.69,838.22,0
1037.41,76.03,0
1743.94,383.02,0
995.76,132.59,1
1154.08,177.44,0
925.34,1061.66,1
556.22,233.88,1
1286.25,213.99,0
550.0,464.48,0
1260.05,833.29,0
694.07,401.92,0
1243.56,1062.65,1
557.97,214.17,1
1313.22,975.73,1
1399.82,546.74,0
1639.62,3.19,1
1487.76,840.15,0
1761.22,1100.2,0
1910.13,697.08,0
1515.32,624.82,0
1796.97,453.0,0
806.38,833.94,1
550.0,259.13,0
550.0,260.5,0
1119.59,713.89,0
1066.78,323.34,0
1041.4,54.97,0
851.58,405.31,1
1305.51,783.75,0
555.25,505.36,0
1472.3,197.86,0
712.37,26.09,0
1352.22,180.84,1
731.56,1104.37,0
907.08,81.64,0
869.91,99.09,1
667.55,635.72,0
1678.43,707.16,1
1095.53,347.73,1
1440.01,1298.7,0
1199.9,416.99,0
1405.16,606.14,0
2218.22,526.81,1
1541.98,737.18,0
550.0,357.19,1
554.58,241.76,1
550.0,335.2,1
1637.2,332.56,0
731.37,356.93,1
722.71,701.84,0
550.0,72.28,0
550.0,565.61,1
1928.59,899.59,0
932.66,817.34,0
1875.44,663.72,0
843.07,479.18,0
550.0,172.25,0
1412.67,441.82,1
833.3,415.2,1
1006.91,850.51,1
1314.28,959.01,0
1292.24,456.37,0
702.7,575.39,0
1029.28,823.45,0
981.93,606.82,0
550.0,477.41,0
1456.98,664.5,0
1137.14,902.28,1
1180.8,84.78,0
899.55,1009.02,0
776.1,621.49,0
550.0,824.51,0
964.34,838.74,0
1703.4,9.33,1
1122.12,799.18,0
979.38,311.11,0
1388.44,606.26,1
1116.26,661.39,0
860.32,363.89,0
1335.43,784.03,0
834.61,320.57,0
1449.57,218.06,0
1625.51,523.63,0
1436.09,587.68,1
1415.72,886.91,0
1477.19,260.68,0
1530.98,766.39,0
1067.69,313.38,1
691.53,635.06,1
550.0,413.16,1
972.21,769.51,1
1033.37,448.17,1
985.39,633.55,0
1597.52,645.37,0
954.69,686.22,0
786.1,708.91,0
1672.39,92.0,0
550.0,402.36,0
974.83,1077.11,0
804.09,149.62,0
1378.95,421.0,1
761.64,811.58,0
809.47,549.16,1
682.7,255.42,0
2132.54,829.4,1
1698.19,567.55,0
2117.97,595.72,0
613.32,895.23,1
2206.64,732.08,1
1540.47,905.76,0
960.99,841.25,0
1122.0,1008.94,0
1661.41,843.68,0
1379.3,290.12,1
673.6,716.87,0
1496.01,931.13,0
1035.05,682.49,1
1404.65,826.77,0
849.76,537.36,0
550.0,555.05,0
937.66,459.2,1
1974.31,926.42,0
569.54,347.87,1
581.12,19.27,0
1057.59,302.05,0
1033.26,466.89,0
665.49,98.19,0
2838.63,271.55,1
1923.15,379.09,0
1964.22,587.32,1
592.62,584.6,1
863.99,578.21,0
550.0,136.88,0
852.25,522.58,1
914.83,381.4,0
617.59,781.71,0
550.0,167.25,0
691.05,1185.71,0
1313.46,437.19,0
2344.1,236.44,0
1825.36,743.7,1
1459.44,807.54,1
550.0,743.46,1
802.52,631.97,1
550.0,494.49,0
958.49,484.08,0
563.77,369.64,0
1811.08,856.26,0
2072.28,91.17,1
550.0,938.59,0
748.89,604.86,0
550.0,671.1,1
550.0,325.59,1
1220.89,285.83,1
682.56,356.64,1
1775.61,506.02,0
1396.47,989.85,0
654.97,460.78,0
1540.02,956.39,1
1138.59,699.57,1
1899.29,359.86,0
550.0,561.07,0
708.19,139.15,0
1304.4,721.92,0
550.0,41.14,0
818.02,356.03,0
1095.18,97.17,1
697.21,551.48,1
1127.42,635.11,0
1106.95,593.5,1
550.0,626.23,1
1068.98,220.82,0
1506.26,591.29,0
550.0,838.18,0
1080.68,872.12,0
877.95,1109.06,1
1343.93,235.42,1
1027.26,714.71,1
1047.06,621.55,1
935.63,459.38,1
1450.32,819.47,0
944.66,994.34,1
1087.46,700.07,1
1101.4,234.64,0
1579.61,700.44,0
1336.66,711.64,1
1029.16,1397.89,0
1479.88,732.06,1
1729.78,1040.52,1
550.0,424.07,1
2032.13,1233.56,0
896.7,751.63,0
947.18,543.65,1
777.85,431.85,0
1220.09,892.81,0
1477.56,1071.19,0
1477.56,354.77,1
886.39,485.42,1
1429.13,526.14,1
1450.16,580.83,0
1408.2,423.3,1
729.48,1005.7,0
889.74,674.86,0
550.0,1103.13,0
550.0,424.1,0
1069.49,757.58,0
550.0,258.23,1
1076.4,384.06,0
1067.23,697.8,0
1886.69,757.25,0
550.0,293.04,1
1311.64,900.51,0
1096.86,335.07,0
1350.5,901.31,1
667.3,671.66,0
1447.91,1070.12,0
550.0,435.16,0
1567.18,1056.24,1
1173.3,251.69,0
1432.53,925.75,0
2496.76,332.86,0
715.11,993.74,0
1200.2,486.72,0
1170.91,368.51,0
1173.64,651.16,1
550.0,107.05,0
777.03,434.55,0
910.32,929.41,1
1010.28,158.03,0
1048.62,639.01,0
903.05,631.11,1
550.0,598.72,0
783.23,538.66,1
1070.82,914.35,0
550.0,701.03,1
550.0,452.68,0
1539.17,447.32,0
993.75,608.05,0
695.79,617.46,1
1687.73,760.11,0
550.0,746.69,0
583.83,362.21,1
694.2,945.74,0
2157.15,1365.4,1
550.0,26.09,1
1489.32,746.63,0
2188.24,793.71,0
755.67,591.11,1
1382.16,918.85,0
550.7,382.35,0
650.36,164.98,0
732.21,102.03,0
550.0,423.66,0
550.0,250.61,1
550.0,525.05,1
1604.68,336.98,0
1274.02,739.25,0
550.0,688.51,1
767.05,101.45,1
626.96,224.97,1
1065.43,849.67,0
735.91,8.39,0
674.53,281.42,0
550.0,466.66,0
1262.34,211.07,0
1016.22,495.89,0
754.91,619.55,0
550.0,417.39,0
813.05,686.5,1
550.0,304.95,0
1732.38,432.37,1
2405.02,452.93,0
1013.78,258.82,0
550.0,703.11,0
1701.13,802.55,0
1147.25,276.55,1
632.25,575.53,0
1284.7,453.26,1
1458.8,38.4,0
1855.66,627.71,0
550.0,189.61,1
1188.36,922.31,0
1122.2,207.03,0
719.8,306.67,0
727.95,358.09,1
1273.03,525.41,0
862.58,548.0,1
612.16,468.01,0
1572.26,904.34,1
1017.82,517.42,0
579.98,540.09,1
732.84,465.83,0
1303.03,758.94,0
550.0,517.85,1
629.0,263.65,1
1020.94,414.41,1
1098.04,734.54,0
1227.28,220.51,1
1229.28,113.92,0
1395.04,770.71,0
550.0,516.29,0
873.35,422.64,1
1274.02,97.38,1
1198.23,570.11,0
550.0,679.14,0
853.32,274.07,1
1294.09,381.25,0
1373.44,394.22,0
1224.29,613.42,1
1584.13,191.36,1
1310.12,465.6,1
621.77,414.8,0
1316.69,271.12,0
550.0,521.43,1
1534.67,466.55,0
1457.4,632.63,0
550.0,62.29,0
1063.0,224.74,0
1502.44,1045.11,0
1400.29,414.63,0
1185.85,389.82,1
550.0,682.14,0
1147.62,657.62,0
1319.82,492.75,1
877.48,10.29,0
960.58,272.94,0
1844.34,670.38,0
1540.63,139.27,1
689.64,459.57,1
1005.21,327.68,0
1170.32,640.78,1
949.75,327.0,1
1605.01,389.2,0
1445.05,425.25,0
1722.1,470.68,0
861.54,323.51,0
1169.45,864.53,0
550.0,838.26,0
550.0,461.67,1
1555.22,128.63,1
1120.08,980.87,0
1642.29,345.19,1
1001.99,14.7,0
566.62,779.42,0
593.3,757.83,0
2514.79,457.96,0
1039.41,763.38,0
913.27,41.47,1
1808.71,604.75,0
1204.06,166.04,0
839.48,279.98,1
550.0,650.29,0
939.53,308.58,0
550.0,496.46,0
1389.66,616.35,0
990.97,209.96,0
550.0,547.36,0
1030.27,723.0,0
2162.74,686.13,1
550.0,181.29,1
1287.27,964.39,0
1117.95,605.64,0
1588.95,587.24,0
550.0,651.3,0
550.0,188.62,0
1410.69,798.17,0
550.0,403.52,0
550.0,228.76,1
762.03,295.05,1
763.68,769.51,0
1313.05,789.87,0
1064.72,444.14,1
1334.67,270.81,0
1269.2,109.88,1
1084.97,730.03,0
1687.01,48.68,0
1184.42,374.27,0
628.88,179.77,1
1099.78,386.22,0
1552.76,781.32,1
897.36,178.94,1
550.0,450.49,1
564.91,394.99,1
550.0,715.85,0
550.0,811.5,1
550.0,297.04,1
797.88,718.12,0
701.95,121.98,1
781.61,879.97,1
550.0,365.54,0
1233.62,318.84,1
1210.02,414.33,1
2003.59,270.14,0
550.0,25.58,1
760.77,179.59,0
1569.79,533.2,0
550.0,225.35,0
1312.94,365.39,0
710.29,588.34,1
1166.38,832.25,0
1062.03,248.15,1
1478.75,592.87,0
965.41,570.31,0
979.4,651.09,1
675.22,203.03,0
1692.33,812.38,0
1500.21,743.08,1
1249.13,441.69,0
1098.26,769.18,0
755.37,670.05,0
1540.65,637.56,0
1406.5,390.13,0
1065.51,782.28,1
987.69,317.43,1
1312.22,31.51,1
1740.47,489.67,0
1466.08,314.2,0
883.04,259.69,0
1112.62,120.33,0
1389.16,708.77,0
550.0,161.74,0
550.0,566.09,0
783.28,1079.27,1
1114.6,407.16,1
1068.51,342.5,1
550.0,1074.17,0
1645.47,911.68,0
1203.41,719.25,0
1633.22,737.41,1
876.96,69.8,0
984.26,595.94,0
1340.03,131.12,0
889.9,523.92,0
550.0,406.55,0
550.0,158.6,1
550.0,793.67,0
613.5,657.78,1
706.65,346.58,0
667.26,173.38,1
1267.8,892.99,0
2405.15,421.76,0
1315.31,776.44,1
1910.04,498.54,0
2129.83,700.12,0
550.0,203.4,0
550.0,444.28,0
1455.1,319.95,1
1725.96,271.42,1
1903.24,993.62,0
550.0,152.62,0
550.0,271.0,0
550.0,664.58,1
641.65,166.7,1
1045.86,97.21,0
836.51,42.75,0
732.74,766.49,0
1743.78,730.81,0
629.81,372.23,0
550.0,574.79,0
811.2,396.22,1
1492.61,544.93,1
550.0,96.68,0
2277.23,388.04,1
620.02,720.97,1
975.64,203.37,1
550.0,346.81,0
918.6,29.52,0
559.28,251.26,1
1132.88,686.08,1
1522.4,247.56,0
1129.07,198.33,0
1259.78,550.08,1
1316.24,417.11,1
1838.9,510.38,0
1360.67,941.43,0
1336.16,398.12,0
1893.71,701.27,1
1020.7,1182.57,1
550.0,516.57,1
1878.22,697.57,0
550.0,946.35,0
550.0,484.68,1
550.0,143.24,1
718.38,675.71,0
670.93,1133.11,0
794.96,662.62,1
1653.52,938.48,1
1156.68,138.9,1
1546.52,1163.94,0
1167.24,39.92,1
1087.6,267.34,0
1220.43,880.16,0
1119.83,122.95,0
550.0,343.13,1
856.11,973.7,0
1115.1,675.68,0
817.54,549.34,1
550.0,223.64,0
550.0,256.67,1
1044.36,604.53,0
776.67,152.43,0
1519.25,502.67,1
1278.96,788.81,0
1300.3,467.71,1
1469.13,477.54,0
1325.57,793.98,0
1994.58,375.71,0
1281.0,12.43,0
561.45,268.08,0
1313.96,781.31,0
1329.87,87.85,0
1517.06,358.89,0
1148.9,323.78,1
1523.73,503.4,0
550.0,363.3,1
598.27,161.96,0
605.11,372.46,0
1630.8,351.78,1
550.0,822.35,0
1309.54,495.97,1
1443.58,281.3,1
942.58,1014.41,0
1590.23,599.36,0
1903.45,312.82,0
788.58,436.11,1
1035.15,826.13,1
727.07,590.45,0
694.46,776.85,1
1269.88,398.28,0
1663.62,381.97,0
742.88,167.55,1
1074.05,599.49,0
1314.29,614.58,1
838.11,599.05,0
1554.26,294.83,0
2166.0,861.6,0
1078.54,674.21,1
1676.08,800.64,0
848.39,42.21,1
1204.28,327.57,0
1625.08,623.39,0
676.73,51.05,0
648.6,472.46,0
837.14,591.95,0
1117.45,85.43,1
889.66,122.05,1
638.87,418.58,1
1221.08,866.35,1
1403.92,689.47,0
938.87,333.4,0
1674.51,394.53,0
1431.56,277.35,1
1147.95,190.36,0
550.0,802.1,0
550.0,571.64,0
1672.6,744.28,0
1946.01,988.21,0
1183.17,508.0,0
922.04,252.12,0
1275.35,718.87,0
864.67,893.85,1
550.0,55.88,0
1135.51,1130.04,1
718.96,786.18,1
1216.64,706.24,0
1581.07,885.17,0
1819.02,531.05,0
1534.65,1016.86,1
550.0,518.19,0
1530.65,279.94,0
1599.75,802.63,1
917.22,824.55,1
1793.09,590.12,0
692.45,733.19,0
1607.44,540.91,0
693.51,122.93,0
1371.17,539.34,0
550.0,428.74,0
1274.45,313.79,0
1254.08,552.58,1
1635.4,857.57,1
1450.45,624.96,0
836.16,122.89,0
1074.67,779.04,0
1151.89,782.58,0
1304.8,607.91,0
1476.04,393.1,1
1146.31,564.3,0
695.15,152.02,1
2024.4,689.65,0
774.52,225.48,0
1112.35,858.86,0
786.76,264.36,1
550.0,507.76,1
918.9,403.11,0
1128.41,830.4,1
550.0,637.83,1
554.97,749.92,0
970.36,688.02,1
1365.23,127.35,1
550.0,315.86,0
550.0,671.69,1
550.0,540.45,1
1049.45,1036.44,0
550.0,697.67,1
563.33,268.21,1
666.52,773.56,1
767.75,457.76,1
964.76,267.62,0
839.98,770.73,0
617.91,1047.74,1
853.76,533.83,1
580.3,59.3,1
1092.71,576.81,0
641.81,26.55,1
805.99,418.21,0
1127.89,511.23,0
838.01,528.53,1
765.43,807.09,1
1087.36,1052.69,0
550.0,713.41,0
1197.83,243.29,0
815.17,365.5,0
1002.49,354.22,1
618.45,747.35,1
1059.29,616.14,1
631.07,639.68,1
580.77,384.16,1
1055.34,671.96,1
1022.97,99.39,0
550.0,290.39,0
1494.81,584.94,0
1391.97,677.48,0
715.39,808.25,0
773.47,106.19,0
1119.46,828.44,0
2089.87,496.28,0
1115.69,244.51,1
1433.79,760.96,1
1789.32,960.32,0
550.0,234.87,1
1501.99,386.3,1
1153.1,369.2,0
628.51,500.23,0
550.0,447.52,1
1303.0,436.63,0
1412.25,777.83,1
1212.45,702.27,0
1436.65,826.36,0
1056.76,420.14,0
1601.42,873.92,0
1458.01,360.62,0
550.0,615.37,1
1121.1,437.81,1
897.88,292.13,0
1538.81,624.72,1
708.17,637.63,1
1909.91,624.88,1
762.09,703.08,0
1065.79,477.23,1
1413.38,380.84,0
851.92,558.47,0
2120.93,868.57,0
550.0,468.29,0
781.03,311.18,1
1331.5,355.76,1
842.83,470.72,0
550.0,307.22,0
1179.79,348.42,1
961.63,328.41,1
1761.18,48.26,0
791.03,649.05,1
816.72,713.46,1
1290.08,545.48,0
550.0,479.38,0
550.0,710.84,0
550.0,699.71,1
1045.42,756.05,0
1211.47,184.46,0
1130.13,183.8,0
1153.92,669.68,0
550.0,723.03,0
550.0,388.91,0
1283.06,108.24,0
710.7,786.11,1
2084.71,752.92,0
1226.48,426.46,1
1536.79,551.39,0
1301.59,881.71,0
599.5,267.64,0
550.0,521.81,1
550.0,831.02,0
1580.25,388.2,0
1747.09,911.97,0
550.0,122.72,1
550.0,708.09,0
1111.01,99.59,1
550.0,323.78,1
699.19,301.7,1
550.0,636.64,1
957.72,243.74,0
1297.6,634.47,0
577.32,300.27,0
1348.9,38.59,1
550.0,332.98,1
749.09,1150.48,0
2084.5,151.81,0
550.0,286.36,0
1084.8,991.96,0
550.0,550.49,0
1197.9,617.49,0
973.77,21.96,0
1486.19,22.33,1
550.0,336.41,1
1130.17,619.97,0
934.16,395.8,0
550.0,201.22,0
550.0,187.18,0
550.0,949.48,1
1508.17,550.37,1
1112.53,646.41,1
1823.78,536.54,0
550.0,557.79,0
1497.19,122.48,0
630.08,442.2,1
550.0,33.49,1
550.0,638.84,1
864.82,429.09,1
1446.43,315.55,0
883.15,96.79,1
550.0,678.37,0
550.0,434.12,0
1027.62,320.24,0
749.05,549.21,0
652.65,854.55,1
1258.04,590.21,1
1464.33,772.16,0
550.0,754.56,0
1253.25,765.5,1
1640.53,762.09,0
1374.7,975.73,0
1034.69,310.93,1
550.0,15.53,0
763.97,39.86,0
914.43,424.12,0
1200.48,626.2,1
980.7,971.62,0
911.89,227.28,0
1414.96,279.23,1
550.0,154.58,0
1068.13,234.66,0
839.29,787.77,0
1025.0,126.63,0
1871.3,449.26,0
969.23,520.41,0
833.98,761.83,0
993.33,16.87,0
678.77,559.45,1
1337.26,159.82,0
550.0,288.62,0
1345.29,1189.16,0
1443.95,855.02,1
550.0,302.87,1
1192.83,105.48,0
991.63,449.5,0
1390.12,563.31,0
833.65,146.03,0
2270.33,866.26,0
574.52,414.02,0
693.72,867.88,0
836.49,576.88,1
1335.51,600.96,0
550.0,88.3,0
550.0,332.63,0
782.82,741.57,0
620.84,17.86,1
1109.35,763.77,0
978.37,680.76,0
1100.96,627.73,1
1164.7,444.84,0
1456.13,505.8,0
1039.35,650.54,0
846.32,411.26,0
550.0,91.33,0
652.06,468.82,1
1491.94,417.7,1
550.0,901.68,0
1965.06,438.83,1
1437.55,648.85,0
965.39,895.86,0
1188.25,652.33,1
601.52,17.2,0
984.56,517.43,0
1012.32,256.97,1
1600.19,478.72,1
1187.7,307.7,0
550.0,617.2,0
845.58,741.27,0
550.0,135.95,1
1522.38,155.02,0
684.72,783.95,1
2027.73,468.29,0
550.0,336.53,0
1161.42,314.41,0
550.0,578.73,0
550.0,161.86,0
708.42,318.42,0
851.29,522.92,0
764.52,386.47,0
1626.18,91.59,0
1119.76,140.58,0
752.32,260.31,1
726.14,957.37,0
550.0,707.67,0
1701.92,700.3,0
1729.0,976.73,1
1239.22,704.29,0
1556.84,447.06,0
1248.45,485.22,0
561.66,569.17,1
1063.86,92.99,0
956.73,726.06,1
550.0,362.85,1
886.37,398.52,1
1877.12,301.79,0
961.04,627.06,1
1346.49,458.14,1
1162.05,342.03,0
1004.55,82.68,0
550.0,389.08,0
1357.24,487.59,0
550.0,705.59,1
1258.98,408.25,1
698.31,98.81,0
1536.77,1005.53,1
1798.59,435.48,0
793.32,304.51,0
1429.85,251.0,1
827.92,10.11,0
550.0,713.64,0
1154.48,736.5,1
1417.85,138.31,0
1141.4,1145.94,0
550.0,656.65,1
923.29,449.7,1
550.0,549.03,0
1114.92,597.83,0
550.0,655.24,1
1507.65,558.08,1
1647.35,432.94,0
1218.44,600.08,1
550.0,782.01,1
550.0,604.56,0
550.0,681.93,1
1079.63,200.42,1
1180.31,712.91,0
550.0,263.14,0
1070.9,683.25,0
743.68,316.28,1
1249.65,296.48,0
1493.58,129.92,0
1735.68,463.03,1
1934.49,227.09,0
1814.94,482.49,1
1575.64,725.74,0
550.0,818.94,1
550.0,675.95,1
1305.88,686.75,0
1089.42,231.1,0
830.2,407.98,0
1271.3,720.44,0
1119.09,525.71,0
1010.8,489.74,0
550.0,104.91,1
733.29,141.91,1
1227.87,687.69,0
678.8,246.18,1
652.83,850.9,0
1317.8,790.22,0
1932.48,729.53,0
1490.23,689.33,0
1358.21,521.29,0
550.0,278.61,0
1675.25,124.92,0
1202.25,1058.19,1
550.0,1007.36,0
550.0,666.22,0
728.9,522.87,0
1242.45,423.82,0
550.0,130.27,0
1307.13,912.24,0
1129.54,571.13,0
1375.85,586.85,0
1151.06,702.13,0
550.0,468.94,0
614.91,782.71,0
820.01,317.93,0
931.87,451.27,0
856.95,382.5,0
1765.4,253.74,1
2276.81,407.48,1
860.5,358.51,0
1041.99,345.04,1
917.46,67.71,0
1507.66,6.65,1
550.0,436.97,0
1396.88,676.08,1
550.0,378.65,1
988.67,790.26,1
1750.04,362.73,0
550.0,720.12,1
550.0,272.3,1
550.0,853.26,0
550.0,457.16,0
988.51,733.98,0
958.57,387.23,0
931.9,758.73,1
721.86,935.64,0
1143.53,524.9,0
715.82,320.74,0
1181.53,550.01,0
660.33,482.39,0
1408.62,10.2,0
950.65,606.46,0
2067.52,454.9,1
907.53,748.6,0
1261.2,689.67,1
550.0,803.59,0
1670.63,313.01,1
1016.27,401.64,0
1001.8,904.57,0
622.21,396.34,0
768.34,437.5,0
885.62,680.56,0
1011.88,343.21,1
627.81,966.52,0
1511.53,418.15,1
550.0,718.57,0
1779.72,778.64,1
1694.81,139.81,0
1688.66,1177.54,0
550.0,1158.94,1
907.53,179.96,0
1207.53,375.11,1
1042.11,23.68,0
1235.16,659.72,0
1072.14,410.06,0
1037.71,395.12,0
753.57,111.24,0
1424.81,395.86,0
627.46,174.16,0
693.41,618.25,1
772.35,1015.04,1
550.0,863.66,0
1143.01,490.36,1
1239.61,318.27,0
1014.03,396.61,1
743.83,926.96,0
2708.44,1078.8,1
907.67,188.41,1
1077.67,603.2,0
550.0,626.47,1
869.73,211.54,0
1029.9,1071.09,1
550.0,89.87,0
1117.59,616.08,0
1628.4,929.5,0
1262.8,501.86,0
550.0,617.59,0
1625.37,639.07,0
637.46,301.25,0
550.0,402.31,1
1993.82,945.57,1
1286.95,391.19,0
796.16,319.94,0
686.31,391.81,1
1130.98,728.38,1
570.95,430.1,1
1624.02,347.64,0
550.0,248.59,0
794.37,398.39,0
1025.84,281.77,1
1050.8,639.11,0
1236.22,344.69,0
550.0,912.03,0
1855.43,470.89,1
1221.31,76.34,1
1399.26,558.14,1
960.39,56.01,1
1266.03,193.31,1
1634.15,345.16,0
1099.39,473.78,0
1649.83,709.08,0
969.93,1056.2,1
2248.84,893.01,0
550.0,761.09,0
587.4,342.57,1
550.0,150.11,0
823.51,860.47,1
1558.66,296.59,1
1393.42,708.88,0
1285.44,459.17,0
1570.07,573.13,1
550.0,293.15,0
935.51,308.27,1
1300.82,233.65,0
1435.66,728.82,0
550.0,241.6,1
1434.23,1098.97,0
1289.99,1167.82,0
550.0,952.15,0
550.0,640.79,0
690.05,538.02,0
1745.79,308.21,0
550.0,981.28,0
982.87,495.4,1
1323.84,541.45,1
550.0,57.78,1
550.0,862.38,0
550.0,333.86,1
883.65,181.05,0
923.6,1037.53,0
794.53,510.42,0
550.0,696.95,0
1679.48,257.07,0
1304.89,173.37,1
1155.16,353.63,1
1835.88,453.04,1
974.94,362.45,1
1297.69,398.22,0
1532.08,596.12,0
1724.11,670.39,0
789.27,779.57,1
1714.11,155.15,1
980.86,717.95,0
1489.93,862.07,1
854.94,870.33,0
741.88,410.81,1
1496.13,533.45,1
832.82,141.54,0
964.37,750.08,1
550.0,762.92,0
1080.35,2.96,1
1403.77,129.39,1
550.0,301.03,1
779.1,627.22,0
944.74,21.02,0
1485.34,383.98,0
1128.09,1188.71,0
1421.46,87.38,1
1423.13,1042.69,0
1264.62,479.7,0
812.79,548.93,0
1491.62,697.87,0
993.08,664.6,0
550.0,229.63,0
1005.09,570.17,1
1110.0,920.57,0
1558.41,318.07,1
951.57,1060.24,1
783.16,902.49,0
550.0,550.0,1
1082.1,249.98,0
1092.77,447.63,0
959.56,464.31,0
804.51,29.88,1
1667.57,725.07,1
830.53,551.53,0
946.23,887.52,0
733.8,274.49,0
571.32,46.44,0
1038.58,280.62,0
1538.84,554.16,0
971.55,603.51,1
595.59,467.09,1
652.12,558.57,0
1921.88,1107.22,0
651.16,669.6,0
1033.49,326.57,0
1871.4,1056.66,0
1001.84,332.49,0
1795.33,644.33,0
1263.08,907.5,0
671.09,1075.03,0
1044.25,910.52,1
1815.46,771.53,0
961.1,296.34,0
697.13,430.79,1
1312.12,821.74,0
829.58,384.04,1
2490.43,833.81,0
1001.56,263.57,0
1046.96,547.47,0
1545.27,456.73,0
550.0,818.08,1
550.0,1100.68,0
1621.94,876.87,0
661.77,42.18,0
812.11,531.14,0
550.0,578.04,1
1092.04,898.47,1
550.0,641.2,1
1324.19,912.02,0
1156.86,299.83,1
1608.87,686.46,1
1031.39,985.75,1
1598.52,818.43,0
780.03,751.38,1
1102.15,154.99,0
891.48,452.06,0
550.0,374.41,1
1455.53,629.97,0
1191.08,988.35,0
1493.52,376.53,0
1005.66,331.58,1
1318.48,729.79,0
1637.19,618.26,1
1695.41,892.47,0
927.68,542.23,1
1182.12,224.42,0
550.0,589.75,0
1236.85,294.35,0
615.46,609.89,1
550.0,621.03,1
1528.58,531.36,0
1073.95,663.46,0
550.0,843.15,1
1678.52,525.2,0
1655.22,564.2,1
1043.69,807.17,1
1591.98,624.6,0
550.0,107.06,1
1495.69,406.98,1
1753.26,821.42,1
767.32,959.68,1
1551.81,171.86,0
1141.41,644.65,1
550.0,430.55,1
1777.14,848.92,0
1604.98,1003.18,0
1968.15,457.57,0
1110.08,856.25,1
550.0,30.37,0
620.57,341.6,0
550.0,410.36,0
1006.33,120.7,0
550.0,389.02,0
901.44,764.24,0
729.07,507.42,0
583.35,537.69,0
1941.32,423.72,0
1484.56,393.27,1
705.09,50.75,0
820.59,216.74,0
992.02,703.47,0
550.0,666.56,0
664.34,329.85,0
1035.83,1.71,0
583.5,821.47,1
746.61,512.08,0
1327.58,206.74,0
843.57,540.72,0
1385.61,895.75,1
1107.8,230.53,0
1407.15,850.04,0
1619.61,525.23,0
1965.66,975.98,1
578.86,250.57,1
1235.84,772.48,1
775.73,549.76,0
1121.99,488.69,0
1779.8,186.06,1
1299.69,424.48,0
1063.19,195.27,1
1499.31,653.16,0
1327.95,1003.32,0
1070.45,1023.25,0
1302.16,725.26,0
657.08,52.16,0
978.99,659.92,1
981.82,690.83,0
873.22,246.33,1
550.0,50.69,0
2019.13,1084.36,1
700.48,293.74,0
550.0,416.56,0
1808.55,554.65,0
807.11,134.11,1
1452.3,433.51,0
550.0,556.49,0
879.41,105.34,0
1058.49,472.04,0
808.65,624.84,1
1489.94,756.14,0
1171.95,825.6,0
1628.49,615.83,0
1551.28,443.14,0
1231.75,471.26,0
1115.75,381.71,1
550.0,447.39,0
1915.77,651.22,1
1658.09,1082.73,0
684.47,801.58,0
550.0,614.11,1
550.0,769.96,0
671.79,325.32,0
951.87,414.15,0
790.34,196.86,0
821.78,782.35,1
1379.63,507.39,0
1823.82,309.59,0
1788.56,138.08,1
1638.91,831.23,0
1418.77,114.07,0
1228.57,347.97,1
1778.38,595.93,0
1328.2,219.01,1
1090.39,798.1,1
1794.21,849.84,0
1262.21,763.11,1
603.88,663.77,1
1480.66,641.79,1
1194.72,946.89,0
1077.72,161.23,1
550.0,217.22,0
550.0,15.38,0
1343.68,875.41,0
1135.54,357.32,0
550.0,349.55,1
1543.04,602.32,0
1173.31,449.36,0
550.0,704.21,1
1550.84,480.93,1
595.71,347.03,0
550.0,143.45,0
1275.98,299.18,1
550.0,553.98,0
1453.22,176.69,0
1755.32,436.33,0
550.0,677.67,1
1704.06,820.04,0
2173.85,357.43,1
1179.73,467.63,0
833.03,687.81,1
1836.82,65.31,0
947.06,675.68,1
550.0,105.57,1
1201.61,914.77,1
550.0,933.51,0
574.97,728.27,0
550.0,354.63,1
753.82,432.32,0
879.71,555.21,0
1251.3,375.35,1
1201.84,1209.03,1
2229.45,889.08,0
591.51,149.91,0
1140.4,880.79,0
1230.45,588.84,0
1333.9,978.39,0
611.44,610.95,1
1372.23,512.42,0
665.95,1631.36,0
1332.33,712.34,0
845.18,451.68,0
1007.38,654.26,0
1849.91,778.43,0
906.3,232.94,0
1236.55,305.73,1
795.85,470.16,0
871.97,585.06,0
550.0,387.23,0
1645.35,560.93,0
1105.34,368.58,0
813.53,870.53,0
1740.6,980.41,0
612.75,361.9,0
1027.16,1154.71,0
1629.25,598.66,0
982.41,798.74,0
550.0,262.5,0
1159.75,718.75,0
1070.43,506.56,0
1070.92,319.64,0
550.0,227.27,0
1085.41,579.87,1
1226.32,837.38,0
550.0,846.59,1
1396.24,477.56,0
1475.33,486.98,0
1116.13,911.13,0
759.96,576.92,1
550.0,688.12,0
1185.79,739.45,1
1403.27,97.43,1
550.0,46.35,0
762.42,332.07,1
550.0,424.6,0
1255.41,600.75,0
573.29,343.71,0
550.0,426.75,0
641.69,771.15,0
914.69,423.72,1
1666.6,601.89,0
1471.77,738.03,0
2043.27,715.98,0
683.73,121.3,0
550.0,310.51,1
1647.78,408.61,0
835.7,165.64,0
1345.5,557.4,1
1139.21,394.97,1
1484.71,717.94,0
1196.62,321.42,1
647.66,367.76,0
1487.78,241.84,0
1095.74,493.76,1
1535.89,41.47,0
757.44,732.86,0
616.33,705.33,0
1158.16,492.4,0
711.33,60.84,0
725.24,199.71,0
1429.04,73.71,1
1280.95,824.24,0
666.73,658.54,1
926.04,750.91,1
1107.73,510.97,0
1662.92,268.64,1
550.0,1036.21,0
1249.1,63.7,0
550.0,739.97,1
1290.48,436.65,0
1212.91,726.85,0
1027.76,890.53,0
1310.42,682.27,0
550.0,446.33,0
1368.13,635.82,1
550.0,201.87,0
882.39,694.16,1
1576.36,550.96,0
550.0,38.84,0
1366.75,508.03,0
599.43,191.79,0
807.17,302.42,1
1427.49,655.98,1
550.0,275.19,0
608.48,49.89,1
642.05,346.7,0
763.2,121.33,0
1317.59,848.9,1
550.0,416.82,1
1596.29,1016.59,0
1001.01,261.73,1
1516.79,332.84,0
1528.0,505.83,1
1393.96,380.47,0
1242.05,515.67,0
550.0,947.97,1
1152.37,1063.58,0
1066.26,839.44,1
896.2,944.12,0
1450.22,167.31,0
550.0,177.28,1
1568.42,658.36,0
610.36,932.39,0
1391.84,388.21,0
851.0,807.35,1
550.0,438.7,0
550.0,322.77,0
1160.99,436.24,0
1327.5,379.51,1
1123.12,204.76,0
550.0,220.06,1
729.32,808.84,0
712.47,505.03,0
1418.84,310.79,0
1448.76,420.23,0
1082.47,428.3,0
678.96,359.9,0
1288.75,768.81,0
734.27,162.63,1
786.27,669.72,0
1094.17,865.94,1
1594.84,714.72,0
1251.06,400.0,0
870.74,250.99,1
550.0,788.48,0
1264.65,810.31,1
1303.24,354.73,0
1486.33,425.2,0
550.0,2.0,1
808.49,1106.11,0
592.36,537.12,1
855.78,259.1,1
1648.03,574.84,0
1064.85,125.42,1
1024.17,657.27,0
812.28,232.5,1
904.71,482.02,1
695.01,550.96,1
1539.94,252.26,0
1615.82,513.8,0
1928.33,46.18,1
576.38,935.22,0
550.0,239.71,1
1765.19,1019.86,0
550.0,396.2,0
1633.13,570.66,1
1317.76,929.56,0
550.0,622.5,1
1356.3,1108.87,1
694.21,688.34,1
752.37,676.79,1
981.06,701.62,0
1946.47,451.62,0
593.12,205.52,0
550.0,1021.63,0
1124.01,275.75,0
1346.33,217.76,1
1237.47,70.59,0
1569.85,559.7,0
709.19,73.71,0
1473.19,283.37,0
796.96,338.71,1
550.0,419.54,1
1372.58,516.07,0
1535.57,867.01,1
1261.69,440.8,0
1216.19,669.62,0
723.29,569.25,1
550.0,84.42,0
1328.23,782.75,0
785.79,329.29,1
1679.32,407.86,0
1316.02,377.5,1
550.5,362.24,0
797.1,1071.69,1
550.0,694.9,1
1008.98,541.78,0
1176.34,916.2,0
879.97,301.8,0
1383.05,554.52,0
917.46,89.01,0
993.27,362.75,0
550.0,535.11,1
581.91,244.02,1
550.0,510.17,1
1677.82,510.87,1
1604.33,284.84,1
682.2,916.07,1
1233.94,963.69,0
960.83,448.31,0
550.0,302.6,0
1538.8,367.31,0
550.0,205.89,1
550.0,567.83,1
1045.55,1211.93,1
731.76,253.21,1
709.95,40.08,0
629.62,40.7,0
1210.5,1246.73,0
550.0,1.3,0
1774.77,544.22,1
934.87,710.71,1
576.58,844.2,1
550.0,242.65,1
942.19,406.44,0
550.0,551.36,1
1293.6,1025.95,1
1169.91,608.68,0
550.0,329.7,0
1521.72,243.93,0
1606.97,554.71,1
1493.17,277.14,0
1903.55,1077.64,1
1617.38,796.9,1
550.0,115.41,0
554.35,198.32,1
1441.96,725.81,1
638.75,797.27,1
1133.59,522.6,1
550.0,135.79,0
1295.36,482.35,0
1011.04,409.82,0
550.0,776.89,0
1039.85,240.42,1
1976.75,545.12,1
797.2,650.63,0
550.0,112.89,0
1164.5,528.95,1
1659.0,329.73,1
1336.19,305.2,1
550.0,682.67,1
1770.71,433.66,0
550.0,356.71,0
1125.46,998.37,1
937.7,471.65,0
1661.48,646.2,0
1214.53,1114.58,0
2018.97,565.31,1
550.0,889.16,0
1016.55,858.46,0
1425.25,591.26,0
616.19,76.39,0
1427.72,659.9,1
1779.61,928.87,1
823.48,275.48,1
1659.9,839.69,0
1146.53,493.91,0
871.35,251.26,0
1713.06,490.96,0
1554.09,120.13,1
880.52,372.65,0
1339.34,508.8,0
898.34,795.01,0
1619.5,362.7,0
1099.92,597.07,0
1998.75,783.16,0
739.52,242.38,0
790.88,751.02,0
776.64,574.18,1
550.0,1075.76,1
693.68,737.8,0
1592.82,741.86,0
586.15,286.79,0
1771.08,554.14,1
740.01,375.97,0
550.0,482.24,1
923.29,735.72,0
1217.26,135.46,1
1297.12,186.98,0
1428.66,238.82,0
577.84,173.64,0
1154.18,502.4,0
1088.51,543.77,1
760.55,512.87,0
786.48,247.96,0
1259.6,770.83,1
1010.31,399.25,0
1376.46,620.53,0
566.8,148.47,1
651.31,1028.26,0
1405.06,558.62,0
1364.11,362.63,1
782.21,364.23,1
550.0,186.83,0
672.57,128.28,1
1644.05,773.41,0
909.16,707.07,0
1003.05,823.62,0
1714.27,389.17,0
550.0,419.16,1
596.69,510.99,0
1007.39,454.78,0
984.45,674.07,0
740.4,553.4,1
1821.84,398.52,1
1252.06,210.96,0
1103.52,68.24,0
1396.49,1043.53,1
993.55,775.57,0
1179.33,424.35,1
1644.34,726.65,0
1545.84,118.04,0
1736.87,422.22,0
1567.15,359.45,0
1162.96,298.1,0
853.27,313.58,0
850.46,12.78,0
1126.88,815.71,0
1484.12,575.78,0
550.0,488.87,1
878.64,550.25,1
931.09,710.41,0
1569.34,414.48,0
1544.14,686.88,0
1264.09,383.4,0
939.55,193.94,1
1158.98,126.54,1
550.0,599.17,0
550.0,694.97,1
740.51,406.72,1
1030.28,530.0,0
1559.54,556.99,0
550.0,594.82,0
597.48,727.3,0
1653.37,887.74,0
1297.31,504.1,0
1111.09,302.8,1
591.18,432.3,0
550.0,317.27,1
675.85,499.92,0
550.0,447.05,1
1291.17,156.29,0
586.83,479.31,1
550.0,330.72,1
1182.5,456.78,0
1563.94,762.47,0
1551.51,285.33,0
634.61,286.52,1
550.0,111.94,1
1025.55,989.38,0
1010.84,643.57,1
1332.75,786.04,0
550.0,254.76,1
1065.11,950.21,0
654.74,129.03,1
683.26,584.54,0
1469.8,516.4,0
639.73,678.62,1
1428.66,329.34,0
550.0,680.1,1
1472.34,656.13,0
1556.12,424.17,0
915.01,1134.25,0
922.13,1374.65,0
550.0,305.14,0
646.13,573.88,0
641.56,227.82,0
1158.48,324.2,1
749.4,294.14,0
1018.85,340.4,0
1838.44,366.11,1
638.03,795.57,1
690.17,595.01,1
550.0,18.9,1
860.91,548.63,0
550.0,593.84,1
1501.57,676.33,0
935.67,272.8,0
1401.07,861.91,1
1434.14,302.18,0
1906.63,308.92,1
897.39,866.78,1
1316.55,901.52,1
1079.7,593.7,0
819.25,433.41,0
1476.09,353.2,1
1600.25,589.4,0
1521.66,364.8,1
1831.13,653.65,1
550.0,335.68,0
835.07,545.52,1
1386.17,654.32,1
711.62,207.21,0
2206.31,564.76,0
550.0,665.99,0
1008.1,764.26,0
550.0,626.78,1
818.58,58.83,1
930.04,340.51,0
550.0,365.58,1
550.0,32.97,1
550.0,761.48,0
1412.23,827.51,1
1215.45,784.93,0
2336.4,57.32,1
1579.72,89.37,0
550.0,421.86,1
1036.98,384.5,0
1095.56,555.43,1
1508.69,581.1,0
692.76,360.81,0
936.93,664.37,1
937.88,491.91,0
641.65,651.03,0
1217.68,407.63,1
975.39,398.81,1
579.94,218.13,1
2299.19,315.0,0
1158.05,389.98,0
926.68,358.07,0
550.0,888.51,0
1050.59,523.89,1
878.26,492.01,0
550.0,922.59,0
659.38,1021.37,0
1078.68,318.63,1
985.8,380.07,1
671.5,481.64,0
1418.33,1128.52,0
774.1,280.19,0
959.9,634.34,1
1193.45,14.21,0
1641.08,494.05,0
905.37,844.07,1
985.36,873.14,1
550.0,786.36,1
1068.77,414.37,0
1381.63,341.09,0
907.07,475.13,0
913.84,919.24,1
1375.35,259.2,0
1211.19,391.27,0
799.4,458.46,0
940.83,537.0,0
550.0,448.08,0
550.0,615.87,0
1149.79,301.24,1
1772.98,839.43,0
550.0,441.69,1
1030.2,820.95,0
932.75,256.07,1
774.44,947.55,0
1620.01,940.72,0
1336.78,7.34,0
1189.28,189.52,0
1384.13,423.58,0
1135.3,756.1,0
1199.21,562.34,0
636.72,600.31,0
1527.26,764.46,0
896.07,221.12,1
1456.69,830.48,0
1915.74,221.86,0
550.0,486.54,0
1408.19,559.88,0
550.0,867.97,0
726.52,750.84,1
1340.98,1008.71,0
1581.99,971.33,0
550.0,490.96,0
550.0,424.28,1
1485.68,621.68,0
680.49,568.21,1
890.77,1208.82,0
1263.37,1079.94,1
910.35,384.49,1
1136.5,257.18,0
1244.67,932.4,0
666.6,186.59,0
1887.43,272.29,1
807.07,776.91,1
776.78,377.1,0
945.15,91.03,0
1006.87,674.5,0
694.38,691.32,1
1787.89,800.38,0
858.39,395.03,0
550.0,95.2,0
1400.76,535.98,1
1045.36,145.96,0
550.0,756.47,0
550.0,830.42,0
685.34,929.85,1
550.0,576.47,1
2282.45,390.68,0
1103.76,562.92,0
1573.4,316.47,0
1106.25,12.16,1
1044.97,672.27,0
788.63,432.95,0
1729.98,958.72,0
1008.86,155.25,1
1116.92,522.11,1
1003.91,489.13,0
1056.57,567.28,1
1302.95,3.34,0
1093.65,428.73,0
751.96,810.74,0
1463.04,33.64,0
550.0,842.98,0
884.98,618.22,0
594.91,645.44,0
550.0,138.12,0
1043.84,163.9,1
1115.97,443.06,0
941.5,530.29,1
644.91,157.42,0
1161.42,470.5,0
954.7,452.58,0
1124.19,439.41,0
1513.03,529.1,1
550.0,527.51,1
981.82,162.99,0
1214.64,280.53,0
1227.8,605.85,0
1123.61,236.57,0
1367.23,430.85,1
550.0,604.98,1
1024.61,1089.41,0
2105.87,25.33,1
1807.96,607.57,1
1084.07,1219.52,0
609.92,314.15,1
971.19,891.88,0
1838.25,1009.36,0
1001.09,170.91,1
643.83,156.97,0
1285.27,464.33,0
550.0,522.98,1
550.0,852.7,0
1077.59,427.32,1
766.24,80.41,0
1405.73,701.77,0
1090.75,534.13,0
1136.32,379.05,0
781.49,539.35,0
1963.55,733.72,0
1373.91,1342.37,1
1140.04,755.41,1
962.42,318.97,0
1070.66,253.99,0
550.0,214.34,0
550.0,186.01,0
1363.32,935.92,1
1561.99,685.8,1
675.02,218.21,0
1082.21,655.73,0
653.9,154.81,0
550.0,421.2,0
1639.69,432.74,0
550.0,402.0,0
1325.96,876.35,0
550.0,398.21,0
1098.27,1168.45,0
1594.37,677.17,1
1152.94,188.76,0
550.0,453.89,0
550.0,782.82,1
1286.44,78.37,1
550.0,450.64,0
550.0,437.87,0
1446.72,96.14,0
1657.28,186.92,0
1311.71,76.43,0
550.0,635.25,0
550.0,641.35,1
744.84,393.49,1
550.0,1040.32,1
900.88,603.9,0
1477.74,110.94,1
571.26,800.59,0
743.12,60.21,0
1510.55,145.97,1
1116.97,327.03,0
550.0,376.66,0
1210.53,637.78,0
1089.99,502.54,1
550.0,652.12,0
707.65,283.43,0
695.32,643.56,0
770.63,646.07,1
1262.26,393.63,0
1312.86,617.99,0
550.0,754.57,1
1553.08,90.12,0
1380.6,339.5,0
977.85,1071.73,1
550.0,414.41,0
1334.19,630.78,1
736.17,962.13,0
928.34,560.91,1
597.29,146.63,0
1532.66,745.06,0
595.56,284.68,0
604.56,193.57,0
862.32,224.59,1
816.02,454.62,1
1725.96,247.68,1
862.03,194.27,0
1220.33,470.58,0
550.0,545.0,0
1320.61,483.65,1
550.0,283.41,1
1476.34,229.58,0
851.23,496.61,0
1017.24,640.04,0
1526.53,1276.59,0
1159.89,868.14,1
930.27,662.21,0
1526.32,260.44,0
1359.74,515.75,1
550.0,885.44,1
1161.41,585.72,1
739.21,944.13,0
550.0,557.55,1
1407.32,468.12,0
1658.33,176.79,1
582.18,462.19,0
550.0,1036.89,0
1999.62,793.89,0
891.51,198.59,0
550.0,86.53,1
550.0,616.53,0
754.45,560.88,0
883.95,206.97,1
550.0,883.35,0
811.29,787.23,0
1575.99,105.49,1
1244.05,474.75,1
550.0,30.12,1
1964.38,729.91,0
628.95,319.79,0
897.55,579.57,0
878.12,204.15,1
1352.5,379.43,0
762.24,294.87,0
1176.95,139.33,1
1344.58,498.07,0
864.47,395.39,0
550.0,359.12,1
1620.23,538.85,0
561.54,573.31,0
902.42,59.04,0
550.0,472.17,0
935.84,480.78,0
550.0,874.96,0
1285.87,510.23,0
550.0,66.33,1
764.78,243.89,1
550.0,710.71,0
1236.22,343.81,0
1577.81,618.09,0
802.63,973.78,0
818.83,845.29,1
550.0,523.87,1
1597.38,376.09,0
1255.55,806.02,0
843.91,782.47,1
550.0,573.66,0
1663.86,648.92,1
550.0,723.09,0
706.05,710.45,0
891.53,452.0,0
796.53,591.0,0
1472.7,254.82,0
550.0,286.37,0
1298.5,307.21,0
673.84,349.34,0
980.67,301.67,1
1485.13,489.19,0
550.0,392.24,0
1382.35,611.37,0
1416.23,461.51,0
550.0,517.5,1
1059.87,839.43,1
1564.82,589.2,0
2122.29,509.52,0
550.0,307.65,1
1392.66,1007.89,0
1573.25,309.03,0
808.5,130.41,0
550.0,42.76,1
769.22,253.26,1
1115.74,363.84,0
1792.24,509.35,1
1648.24,109.9,1
1646.74,359.69,0
676.08,712.62,0
1219.04,558.18,0
550.0,542.42,0
676.7,794.02,1
1418.88,257.58,0
1837.05,449.08,0
1463.95,464.89,0
1681.2,265.16,1
1287.98,519.49,0
652.27,631.93,0
1628.7,1050.53,0
550.0,193.2,0
1196.63,609.7,0
839.67,322.07,1
927.64,339.42,0
656.16,643.36,0
936.56,268.22,0
1406.82,409.31,0
853.67,493.31,1
1781.54,804.56,1
695.98,885.73,0
1803.96,1359.9,1
651.47,514.8,0
1376.55,338.93,1
759.11,505.49,0
550.0,576.18,0
1028.15,785.22,1
1084.92,311.11,1
784.31,1012.43,1
864.89,161.5,0
1783.22,383.22,1
1472.5,738.15,0
1999.12,460.22,0
2241.44,923.45,1
859.61,541.62,0
669.63,79.51,0
1273.23,351.19,0
1372.34,659.51,0
1320.57,916.17,0
550.0,196.21,1
550.0,210.65,0
1384.52,718.69,0
759.0,175.26,1
1376.84,527.95,1
833.57,545.42,1
550.0,130.93,0
709.22,488.94,0
1346.98,132.56,1
970.71,439.83,0
550.0,397.37,1
967.51,204.59,0
1257.46,947.12,0
1246.79,691.6,1
1352.28,437.29,0
1408.7,1053.13,0
1068.13,588.7,0
636.04,150.3,0
1059.86,702.92,1
1746.58,857.46,0
838.39,347.59,1
847.43,424.46,1
1361.24,822.86,1
1614.62,450.9,0
550.0,473.01,0
845.65,534.13,0
989.32,525.88,0
758.38,265.87,0
1092.14,344.8,0
1790.43,205.98,1
587.12,786.47,0
550.0,705.9,0
911.59,289.95,0
1293.03,1045.77,1
1165.91,421.65,1
2166.82,621.29,1
680.92,551.7,0
1157.16,344.06,0
716.33,305.78,0
1491.39,554.25,1
1996.98,852.19,1
1992.7,761.17,0
555.0,740.36,0
1196.5,181.86,1
1496.96,729.14,0
550.0,902.64,1
1032.92,1004.53,0
756.78,1119.42,1
566.9,871.89,1
550.0,187.32,1
550.0,579.7,0
974.67,396.72,0
1209.52,854.46,0
1493.56,587.84,0
1682.77,652.84,0
1547.53,455.17,0
550.0,679.11,0
1126.79,357.44,0
1140.21,964.32,0
550.0,517.45,0
1420.14,715.21,1
634.46,794.6,1
667.46,631.97,1
1076.54,835.25,0
807.07,445.1,0
1080.31,464.72,0
814.22,956.76,0
550.0,1220.59,1
632.83,470.06,1
858.13,574.61,1
550.0,528.74,1
751.34,855.09,0
550.0,550.62,0
640.47,828.6,0
1572.82,447.27,0
1754.56,451.19,0
1613.99,655.87,1
1435.02,820.63,1
1671.42,849.25,0
1795.97,678.31,1
1377.31,505.29,1
1705.16,322.12,1
990.25,974.18,0
853.04,203.06,1
1179.53,242.2,0
905.48,435.61,0
679.78,253.64,1
1831.94,523.42,1
550.0,878.24,0
1113.68,911.15,0
829.1,846.18,0
934.05,243.86,0
954.82,588.5,0
687.13,439.45,1
852.56,163.08,0
550.0,9.16,1
550.0,637.95,0
932.72,605.21,1
1228.04,356.58,1
1224.95,847.58,0
997.54,289.46,0
1067.85,429.77,0
1864.9,468.03,0
553.43,200.64,0
633.49,27.15,1
1334.34,505.94,1
870.2,287.22,0
550.0,189.21,1
1247.06,263.38,0
550.0,323.63,1
981.69,519.5,0
1146.96,263.16,1
550.0,847.47,0
681.75,671.24,0
550.0,125.4,1
1688.52,626.23,0
1479.17,756.72,0
785.91,1477.52,1
1281.83,729.94,0
761.54,232.87,0
1877.38,179.95,1
550.0,330.87,1
587.65,802.66,1
1553.97,367.84,0
1451.47,665.48,1
711.33,571.29,1
1024.25,423.29,0
1662.26,397.11,0
1216.55,94.0,0
998.35,633.07,0
1280.65,810.79,0
1432.99,292.24,0
1492.0,610.47,0
1420.82,1096.99,0
599.1,40.54,0
990.0,804.71,1
1388.91,440.11,0
1590.06,422.69,1
574.93,487.75,1
788.8,327.3,0
727.21,909.97,0
568.77,58.05,0
550.0,361.76,1
550.0,650.06,1
902.17,470.33,0
935.67,250.57,0
1325.44,103.62,1
1616.97,418.23,0
550.0,862.8,0
550.0,111.19,1
1601.24,763.98,1
1260.53,594.33,0
1220.52,985.27,0
793.64,183.3,1
1591.28,385.6,1
1138.83,790.1,1
1024.76,362.38,0
886.35,383.8,0
1042.39,644.06,0
1517.93,446.08,0
1393.1,461.68,1
550.0,393.39,1
620.11,192.09,0
557.42,471.9,0
1247.24,508.51,1
956.69,765.44,0
999.38,502.84,0
1941.73,243.56,0
1231.15,376.56,1
550.0,673.05,1
1083.25,134.26,1
1144.51,244.81,1
550.0,1101.84,0
1545.95,573.53,0
1765.71,67.89,0
1008.55,1086.36,0
1010.25,587.34,1
1035.3,501.63,0
1254.64,483.97,1
795.54,446.84,0
550.0,354.48,0
1382.19,1072.57,0
774.63,1114.67,0
724.17,65.14,0
838.6,382.42,0
1174.4,1033.01,0
1541.12,342.48,0
1212.0,152.59,0
550.0,529.33,0
1527.93,547.11,1
550.0,335.9,0
2363.12,964.39,1
1507.02,976.97,0
960.93,324.38,0
1054.61,438.46,0
1509.24,2.7,1
1224.89,363.34,0
1443.74,643.82,0
550.0,417.8,1
550.0,811.06,0
1171.46,656.11,0
550.0,814.85,0
1063.25,506.73,0
1097.15,295.28,1
882.69,404.84,0
1002.61,245.08,0
550.0,710.52,0
550.0,684.24,0
1333.37,521.58,0
1178.14,408.17,0
1663.43,939.55,0
550.0,221.67,0
1417.36,391.11,1
859.02,471.27,1
955.82,602.47,0
1167.16,765.47,0
635.65,890.22,1
550.0,466.3,0
758.96,241.79,1
985.05,724.3,1
864.41,281.15,1
1406.33,58.68,0
1087.62,715.63,0
573.32,447.77,0
1252.72,129.72,0
550.0,116.38,1
1523.24,25.07,0
553.7,665.91,0
1479.39,538.78,0
835.35,482.54,1
1929.23,564.42,1
1312.76,814.86,0
1980.79,880.1,1
937.62,860.75,1
2119.1,1084.11,0
840.32,263.42,0
1114.74,392.83,0
1686.26,631.84,0
787.47,616.03,1
1134.63,658.33,0
1327.75,756.55,0
1009.7,770.03,0
976.42,272.46,0
1256.39,433.47,0
2273.01,655.18,0
550.0,357.44,1
823.98,1300.08,0
911.67,76.77,1
1274.67,405.73,0
811.98,322.37,0
1231.79,450.69,1
550.0,871.99,1
842.69,21.99,0
859.83,708.09,0
1152.7,725.39,1
992.99,1006.05,0
550.0,317.82,1
550.0,357.1,0
1128.8,319.12,0
804.0,85.31,1
1161.33,431.2,0
550.0,339.39,1
1058.03,372.22,0
1001.2,463.06,1
1139.35,237.25,0
550.0,542.59,1
1581.77,847.84,0
1266.2,504.35,0
550.0,453.68,0
1382.24,42.32,0
1686.0,674.65,0
1040.24,518.55,1
863.05,645.3,0
1236.81,345.24,0
1073.17,798.23,0
583.67,287.68,0
1645.41,528.26,1
714.02,561.66,0
1032.15,645.53,0
550.0,423.64,1
660.8,221.21,1
677.25,808.46,0
550.0,85.72,1
550.0,845.92,0
1635.79,383.34,0
752.77,150.37,0
1229.6,669.56,0
1713.51,609.06,1
1422.5,610.96,0
1327.51,1132.4,0
763.92,951.59,1
663.49,455.37,1
1489.19,280.65,0
1017.07,789.29,0
1059.64,30.61,0
550.0,549.99,1
682.68,468.41,1
904.54,8.18,0
839.86,1022.66,1
1134.26,622.58,1
866.59,443.86,0
550.0,687.41,0
1172.45,618.91,1
909.84,207.15,0
1307.6,718.87,1
805.25,394.34,0
922.14,498.24,0
571.36,756.17,0
556.0,850.34,1
1209.92,785.48,0
559.06,494.75,1
978.14,909.83,0
1198.59,949.8,1
949.31,221.81,0
1017.03,478.38,1
1255.64,625.39,0
1044.63,522.58,0
1024.93,371.46,1
550.0,333.2,0
1546.07,664.26,1
1667.3,592.47,0
550.0,1129.59,0
550.0,75.42,0
1579.89,646.67,0
1318.75,429.97,0
625.65,685.97,1
1028.21,513.63,1
1382.61,174.11,1
760.77,57.28,0
550.0,977.74,0
712.03,133.02,0
1210.49,248.46,0
1140.1,520.12,1
550.0,249.07,0
550.0,418.02,0
916.27,361.27,0
564.33,125.24,1
774.03,322.18,1
1067.75,765.84,0
550.0,697.31,0
1401.71,497.84,1
1063.8,72.32,1
550.0,1004.72,0
1033.23,488.34,0
1878.52,243.89,0
1027.66,523.99,0
908.79,624.47,1
1553.15,852.56,0
550.0,548.94,0
1140.22,70.62,1
923.93,1085.37,0
550.0,323.79,0
1310.8,311.28,0
1060.34,256.31,1
1619.76,465.92,1
550.0,551.59,0
1421.07,242.62,0
1591.04,437.0,0
689.33,710.52,1
1133.28,601.8,1
834.77,655.14,1
696.73,798.97,1
1076.3,458.96,0
550.0,485.29,1
914.76,172.7,0
1001.08,439.99,1
550.0,364.47,1
1704.13,458.03,0
1996.41,470.03,1
692.32,292.98,1
1331.18,88.42,0
727.67,487.09,0
550.0,301.44,0
550.0,716.98,1
1090.98,299.44,0
660.69,735.01,0
550.0,478.25,0
550.0,660.16,0
1632.41,919.8,0
1069.5,606.66,1
1155.22,484.34,0
916.71,579.87,0
1437.31,568.03,0
1067.87,217.9,0
550.0,395.98,0
1464.01,577.43,1
785.06,165.5,0
840.12,1251.42,1
801.85,621.36,1
1480.48,1058.42,1
662.87,193.62,0
984.1,361.65,0
920.56,828.17,0
1515.29,720.04,1
1963.87,607.45,1
670.81,777.24,0
839.76,138.49,0
1286.17,387.44,0
909.57,695.96,1
828.63,459.08,0
1682.22,645.04,0
1275.71,627.16,0
1388.79,710.95,1
1223.21,318.94,1
637.66,427.73,1
591.93,38.03,1
645.66,432.17,1
918.86,555.33,0
1021.92,397.07,0
1025.08,898.79,1
550.0,467.52,0
1328.99,469.5,0
1930.03,800.71,0
550.0,47.13,1
1284.14,26.05,0
630.95,22.96,1
550.0,780.34,0
1226.59,900.44,0
812.15,599.29,0
554.51,663.26,1
588.48,319.66,0
550.0,91.61,0
968.63,955.04,1
834.4,424.69,1
1543.25,454.73,1
588.48,323.87,0
550.0,449.56,0
550.0,62.43,1
683.28,683.59,0
740.88,463.34,0
1434.43,370.18,0
967.81,463.41,0
1028.46,369.83,0
550.0,573.81,1
1113.69,4.58,0
1300.36,761.02,0
1006.86,62.78,0
1568.19,92.9,1
1226.96,531.09,1
2405.6,171.16,0
1213.01,451.41,0
701.87,75.44,0
1528.82,624.83,1
764.24,664.94,1
925.18,648.46,0
1085.09,232.62,1
1252.11,778.61,0
1638.78,893.49,0
645.83,541.42,0
550.0,353.75,0
1559.56,215.68,0
1432.31,457.25,1
1167.52,414.24,0
550.0,681.04,1
1618.08,694.75,1
1247.13,570.45,0
757.36,613.27,0
799.39,1216.81,1
941.81,439.59,0
550.0,906.71,1
1519.89,848.64,0
709.62,100.66,1
1474.99,774.45,1
550.0,223.2,0
966.05,366.65,0
756.26,104.8,1
2579.34,641.52,0
550.0,311.23,0
550.0,351.87,0
550.0,116.54,1
1004.33,383.41,0
550.0,794.9,0
1296.88,1051.09,1
1252.56,239.71,0
1758.17,285.33,0
550.0,480.48,0
1544.53,677.97,0
853.42,584.06,0
699.1,160.33,1
1863.33,857.09,1
550.0,867.01,1
1071.37,98.52,0
915.61,350.37,1
838.91,365.87,0
1537.28,258.36,1
792.46,181.11,1
557.98,59.19,1
1701.34,798.06,0
1052.48,43.02,0
777.56,701.26,0
1567.09,468.89,1
1061.97,333.14,0
550.0,746.43,0
1050.87,293.12,1
659.51,774.48,1
1849.9,620.4,1
1070.0,729.15,0
752.71,825.31,0
1267.22,715.27,0
1569.31,1037.97,0
611.78,779.85,1
1612.52,1159.82,0
730.03,631.71,0
1173.04,874.51,0
653.62,525.86,0
550.0,164.88,0
636.83,195.19,0
1017.19,300.08,0
933.56,825.34,0
550.0,592.31,0
1376.09,301.07,1
776.93,472.79,0
1174.24,144.94,0
550.0,836.67,1
1269.27,249.34,1
1459.29,419.43,0
1159.38,366.84,0
555.51,611.77,0
1427.51,295.74,0
550.0,789.52,0
550.0,181.32,0
627.78,219.09,0
1074.21,693.25,1
569.26,237.75,0
1042.03,445.34,1
1371.0,397.63,0
599.91,554.94,0
550.0,1080.29,0
767.77,1045.55,1
1828.53,495.75,0
1035.96,517.48,0
588.25,654.63,0
1608.72,375.62,0
1645.3,87.61,0
945.51,585.59,1
1027.78,633.18,0
1774.66,552.28,1
1384.88,486.84,0
1257.21,808.46,0
550.0,492.09,0
1146.65,819.96,0
862.01,249.1,0
610.07,908.56,1
550.0,251.84,0
795.24,540.4,0
623.86,133.06,1
1348.57,623.4,1
1054.36,187.51,1
774.9,609.13,1
550.0,967.79,1
1433.13,273.31,0
759.22,507.23,0
583.7,260.14,1
613.65,167.43,0
925.73,449.65,0
550.0,453.98,1
1320.0,669.14,1
1488.9,734.17,0
894.95,452.22,0
956.98,120.84,1
1287.48,517.81,0
550.0,960.96,0
1152.86,897.1,0
583.36,594.34,1
1310.08,742.73,0
553.63,417.33,1
669.93,426.17,1
835.59,364.12,0
891.84,731.06,0
700.9,840.32,1
718.07,138.05,0
550.0,349.43,1
1637.04,554.53,0
1529.31,762.56,0
2721.32,543.35,1
1868.71,974.79,0
1094.63,1085.71,0
1120.64,368.3,0
550.0,435.35,0
930.28,2.75,0
1811.82,423.66,0
1537.35,659.73,1
1573.68,603.98,0
1954.21,25.96,0
993.92,215.54,0
550.0,113.08,1
813.84,1005.25,0
1330.24,573.49,0
606.62,547.12,0
1334.82,153.25,1
1254.35,414.2,0
774.57,633.56,1
991.57,568.42,1
966.69,583.37,0
1702.79,267.7,0
949.39,252.68,1
1774.97,799.75,1
1899.3,447.03,0
1578.44,331.71,1
878.71,1061.87,1
841.37,507.01,0
790.32,603.84,1
1014.76,594.49,0
969.98,172.29,0
1223.17,100.38,1
604.7,358.48,0
1553.28,767.25,0
1291.71,197.32,0
562.66,1033.7,0
1883.16,84.5,1
1376.19,25.85,0
550.0,139.13,0
550.0,183.94,0
1230.8,808.78,0
1535.36,331.35,1
773.75,890.83,1
1554.53,1146.39,0
1792.82,888.46,0
1167.07,284.86,1
1010.1,236.34,1
914.2,306.21,0
1379.79,375.08,1
550.0,83.41,1
550.0,449.25,1
738.18,515.33,1
1267.32,742.84,0
550.0,510.19,1
813.78,561.36,1
550.0,326.79,1
1708.43,673.86,0
2068.36,314.26,1
873.82,273.01,1
550.0,586.88,0
806.87,429.91,1
687.49,79.42,0
1080.83,779.97,0
550.0,712.97,1
1150.13,112.35,1
917.29,369.9,1
550.0,210.44,0
1571.91,151.85,0
782.26,743.27,0
1161.81,532.59,0
1284.31,274.86,0
1183.0,332.92,0
607.86,577.09,1
1055.93,629.66,0
1010.63,512.88,1
550.0,549.2,1
550.0,715.05,1
800.7,165.21,0
1138.63,421.68,0
690.99,769.52,0
550.0,293.84,0
1339.82,768.82,0
1119.47,1157.72,0
1010.83,223.68,1
707.34,571.86,1
1946.34,521.38,0
1190.82,559.94,0
550.0,290.32,1
554.01,105.83,1
691.0,653.22,0
1597.54,690.35,0
1356.68,986.92,0
849.96,504.5,0
550.0,198.3,1
550.0,747.99,1
1040.39,363.11,0
1247.77,132.9,0
550.0,17.11,0
799.57,460.93,1
554.26,660.58,0
666.22,1166.41,0
1362.44,1264.2,0
550.0,470.97,0
550.0,88.46,0
1658.26,682.33,0
554.8,640.68,0
550.0,692.34,0
1028.47,213.54,1
1644.94,1206.59,0
736.85,767.81,1
965.01,821.61,0
917.99,151.87,1
1635.03,944.49,1
932.28,432.85,0
970.6,282.17,1
1318.75,1087.95,0
550.0,321.57,0
643.37,1345.94,1
550.0,322.67,1
550.0,859.58,0
1047.19,127.56,0
1563.58,724.0,0
1831.8,480.02,0
1856.44,309.01,0
550.0,538.87,1
550.0,314.08,0
983.26,206.33,1
837.06,408.7,0
550.0,766.08,0
1363.54,229.35,0
550.0,266.9,0
813.44,924.66,1
1432.2,981.5,0
936.49,379.33,1
608.41,500.72,1
1844.94,1202.52,1
1076.36,229.16,0
1348.09,826.76,0
550.0,334.15,1
1668.25,758.91,1
1008.63,371.12,1
1495.54,102.09,1
1973.89,371.56,1
1937.42,569.13,0
1410.81,373.51,1
1036.36,155.28,0
1442.57,305.96,0
863.31,502.33,0
1107.54,645.26,0
550.0,342.48,0
935.24,351.22,1
1280.45,777.26,0
1106.34,1082.61,1
1173.75,517.21,0
1761.86,139.96,0
1109.92,433.56,1
844.95,249.42,0
594.57,756.04,1
1046.79,342.15,0
1639.0,261.29,0
550.0,83.86,0
1248.3,347.05,0
817.26,942.17,0
1004.32,760.44,1
550.0,61.99,0
1280.56,672.56,0
703.01,590.18,0
1024.7,827.3,0
1127.11,409.98,0
1259.71,482.01,1
1227.08,257.05,1
1163.32,366.04,1
1622.22,116.78,1
550.0,281.58,0
760.79,311.73,0
1529.15,802.42,1
550.0,135.08,1
1113.87,454.43,0
861.76,33.53,0
852.57,97.21,1
1452.3,446.97,1
1501.25,80.27,0
1528.68,113.22,0
791.8,388.11,0
550.0,528.78,1
731.32,574.96,0
1294.63,975.53,1
692.1,572.25,0
594.02,673.19,0
794.16,213.83,0
781.01,888.84,1
1362.72,1044.39,0
550.0,457.3,0
1360.01,165.16,0
839.18,39.77,0
746.94,501.69,1
550.0,255.07,0
845.84,590.94,0
1144.52,244.18,0
1230.22,91.7,0
1159.83,160.48,0
874.53,381.24,1
1134.91,153.37,1
808.03,401.62,0
550.0,182.65,1
815.38,640.17,0
1208.86,661.44,1
550.0,23.66,0
1608.32,1111.4,1
1697.87,722.04,0
1065.39,160.6,0
1423.0,593.15,1
1250.32,673.64,0
1540.08,966.55,0
984.21,120.1,0
1356.4,261.49,1
550.0,304.92,1
1594.17,567.07,0
1612.72,1324.12,1
1327.52,421.46,1
1756.64,946.52,1
550.0,479.64,0
2194.65,479.92,0
550.0,1255.34,1
1681.69,615.04,1
1243.58,389.21,0
943.11,780.54,0
819.71,598.22,0
550.0,712.54,0
777.79,165.77,1
965.04,539.41,0
550.0,727.66,0
1628.72,462.37,0
907.51,875.99,1
550.0,306.83,1
550.0,174.87,0
1664.88,980.87,0
1188.92,835.27,1
550.0,779.69,1
1784.63,516.74,0
822.24,967.04,0
1488.04,707.73,0
1635.34,640.43,0
1244.67,439.03,1
1092.07,476.54,0
550.0,193.33,1
1145.22,94.04,0
550.0,677.43,1
550.0,368.92,1
1622.43,454.07,0
550.0,557.19,0
1457.94,30.7,0
1465.72,310.21,0
813.44,83.54,0
1355.66,213.57,0
1964.4,929.31,0
783.13,372.3,1
785.99,1001.37,1
769.33,294.5,0
1984.35,386.43,0
550.0,434.72,0
933.99,249.17,1
754.7,411.51,0
978.37,1137.92,0
866.92,490.14,1
720.07,834.12,0
1035.55,187.9,0
1635.13,285.85,0
860.5,316.29,0
805.18,949.4,0
550.0,483.13,1
669.92,210.68,1
550.0,383.09,0
1284.04,727.56,1
900.27,199.73,1
1298.07,780.42,0
1191.96,583.2,0
550.0,231.56,1
2468.58,819.54,1
589.27,261.54,0
1270.65,91.09,0
1516.73,149.41,0
645.31,554.56,0
935.59,503.71,0
934.48,655.14,1
738.76,676.95,0
555.88,655.24,0
1002.76,515.12,0
1339.23,630.25,0
857.78,615.54,1
690.82,983.03,0
1510.98,440.43,0
1194.41,399.92,0
1569.16,819.59,1
677.16,375.04,0
2189.13,845.53,0
2237.66,723.54,1
1173.33,528.74,1
990.47,742.61,1
1506.32,600.17,0
1744.56,437.49,1
1124.78,301.6,0
1545.13,163.93,0
1314.72,765.95,1
1109.44,335.38,0
1358.29,825.28,0
1075.91,27.67,1
789.29,21.86,0
1371.48,141.89,1
1187.73,162.59,1
1179.23,850.12,0
830.87,548.86,1
550.0,564.45,1
1052.51,374.26,1
550.0,36.3,0
1308.37,422.95,1
550.0,878.77,0
590.02,906.82,0
898.96,448.71,0
995.06,131.62,0
1046.72,365.58,1
1676.09,205.94,1
550.0,398.35,0
550.0,541.91,0
1028.83,739.36,1
984.01,671.11,0
550.0,493.72,0
693.18,132.85,0
1019.02,715.25,1
1555.84,280.54,0
898.6,487.97,1
2093.21,214.02,0
780.1,377.87,1
553.44,886.46,1
1241.41,960.46,0
550.0,473.24,0
1002.88,1017.57,0
1092.84,972.76,0
696.71,1109.8,1
1409.85,671.34,0
1789.2,575.16,0
550.0,731.51,1
1346.71,560.78,0
550.0,300.57,0
1140.53,314.26,1
550.0,484.81,1
1566.17,413.19,0
1520.84,69.47,0
1287.6,730.59,0
1440.88,234.59,1
1817.51,796.01,0
1406.02,401.06,0
1457.32,742.46,0
1498.62,568.73,1
1181.63,512.76,1
1259.23,741.42,0
550.0,317.83,1
1532.97,807.16,0
841.15,263.56,1
1125.42,854.36,0
1238.53,427.79,0
1183.87,500.16,0
724.56,657.44,0
1164.17,353.24,0
800.24,538.07,0
1786.61,586.33,0
707.78,892.92,0
1326.33,925.08,1
1427.45,14.46,0
1601.53,705.82,1
797.3,793.67,0
550.0,659.46,1
1487.75,298.14,0
1299.92,344.43,0
550.0,747.1,0
626.54,1182.22,0
550.0,125.81,1
1482.85,297.09,1
1572.67,176.02,0
679.57,518.23,0
961.63,691.26,0
1032.15,485.19,0
1091.18,607.0,0
1423.76,356.87,0
550.0,386.65,0
1724.17,557.18,0
881.16,492.47,0
550.0,467.19,0
550.0,289.13,1
1064.35,176.48,1
1607.84,744.42,0
1527.91,377.86,1
550.0,118.39,1
1076.92,2.04,0
550.0,539.29,0
1689.01,927.52,0
674.92,980.0,1
565.46,207.62,0
1743.78,792.52,0
768.26,326.59,0
1297.08,761.2,0
858.81,567.14,0
550.0,180.83,0
965.69,657.99,0
550.0,28.14,0
733.82,440.05,0
564.0,195.69,0
1237.24,424.39,0
550.0,46.72,0
852.32,351.18,0
711.62,584.84,1
1912.38,507.06,0
550.0,544.76,1
1051.52,282.39,0
586.53,880.07,0
885.62,246.89,0
614.09,522.41,0
550.0,925.64,0
806.9,364.67,0
1324.76,591.56,1
1693.55,924.87,0
558.97,180.3,0
945.19,266.94,0
1532.61,611.52,0
1634.97,873.35,0
550.0,652.27,0
1002.7,1018.61,1
1389.32,418.03,1
950.91,16.56,0
550.0,154.05,1
1021.58,568.03,0
1058.54,28.08,0
832.15,582.44,0
748.24,109.07,0
550.0,15.09,0
550.0,40.79,0
690.85,463.16,0
1761.01,453.55,0
550.0,570.12,0
1046.69,157.52,0
1282.25,1107.92,0
1083.33,448.53,0
1003.86,507.85,0
550.0,785.92,0
737.53,738.21,0
550.0,200.61,1
1241.82,352.69,1
1040.56,81.47,0
1438.6,106.4,1
939.05,695.47,0
1339.86,547.11,0
774.59,762.41,1
1929.33,647.55,0
1488.2,472.2,0
2115.54,1054.76,0
1066.74,438.49,0
550.0,529.47,0
826.87,578.59,0
1357.84,784.37,0
1156.97,479.93,0
550.0,353.03,1
550.0,260.87,0
1302.97,786.75,1
1856.18,552.05,0
1063.04,611.67,0
1038.6,773.0,1
1686.82,53.18,1
550.0,897.81,1
1385.14,1030.63,0
915.54,641.04,1
2233.04,603.29,1
1016.62,540.36,0
1423.75,223.78,1
1016.53,479.81,1
1153.8,708.58,1
834.66,422.04,0
631.39,692.86,1
550.0,201.94,1
817.6,451.7,1
983.44,230.94,1
1601.72,236.11,1
659.64,443.04,1
965.05,45.6,0
1143.71,1080.91,0
952.63,417.99,0
2670.46,677.61,1
1175.07,175.45,0
550.0,134.22,0
912.66,888.72,1
550.0,130.61,0
550.0,39.63,0
1437.56,234.52,1
1756.32,633.69,1
550.0,323.31,0
1589.14,59.83,1
1325.42,461.52,1
1361.23,300.72,0
550.0,722.38,0
1924.5,427.88,1
876.31,600.38,0
1000.08,429.12,0
1305.92,427.58,0
550.0,249.49,1
1375.64,700.64,0
1557.14,124.6,0
561.99,599.31,1
1542.26,991.18,0
1464.41,557.48,0
645.07,910.19,0
586.27,468.91,1
1350.43,717.58,0
2090.48,769.54,1
1237.2,264.01,1
688.88,841.61,1
1002.01,755.42,0
1118.5,797.38,0
637.9,341.58,0
1504.02,1090.01,0
1128.66,764.03,1
1351.0,40.8,0
1157.68,820.77,1
550.0,304.19,0
550.0,572.87,0
947.97,430.49,1
550.0,899.22,0
1032.22,48.87,0
550.0,647.11,0
550.0,177.15,1
550.0,223.9,0
634.94,68.44,0
806.19,988.98,0
1613.59,598.58,1
1339.88,443.41,0
1384.41,805.9,0
842.88,448.5,0
1367.54,885.22,0
550.0,62.64,1
886.52,534.52,0
1349.32,846.47,0
1123.25,798.65,0
982.47,664.33,0
1034.81,1047.28,0
550.0,1208.95,1
550.0,692.51,0
761.99,302.17,1
828.24,552.66,0
1198.58,1100.73,0
1230.2,300.73,0
923.99,358.02,0
550.0,925.3,0
2192.52,172.13,0
1051.25,602.87,0
550.0,583.93,0
682.66,549.44,0
1793.47,373.72,0
550.0,113.65,1
1053.75,357.8,0
820.57,775.99,0
550.0,446.16,0
774.77,314.94,0
736.99,146.82,1
550.0,184.95,1
1209.09,298.47,1
1267.34,487.7,0
1191.88,190.24,0
757.63,684.49,0
550.0,1101.59,0
1360.15,301.75,0
1439.93,1028.95,1
1302.39,565.9,1
561.83,722.94,0
905.01,937.71,1
1763.24,784.76,0
912.71,203.05,0
1913.1,529.67,0
1307.56,539.92,0
673.11,812.29,1
550.0,239.34,0
550.0,405.75,0
550.0,20.54,1
550.0,31.71,0
1660.73,304.76,0
1139.69,503.87,0
775.64,384.8,0
550.0,267.23,0
1626.92,72.4,0
915.19,716.4,0
1001.18,568.49,1
733.04,145.4,1
1488.72,410.18,0
1291.88,898.43,0
936.15,239.11,1
1330.07,735.41,1
1522.56,39.91,1
780.97,703.17,0
2525.19,668.77,0
1069.43,624.27,0
2161.12,169.74,0
1306.01,351.62,0
550.0,420.08,0
1982.9,1014.98,0
763.62,307.43,0
550.0,466.41,1
1968.46,159.66,0
2063.7,686.76,1
944.48,360.88,1
1578.91,733.34,0
1177.71,328.97,0
691.76,772.17,1
783.15,399.04,0
1136.23,634.95,0
903.0,968.45,0
843.49,567.61,1
550.0,310.34,0
823.43,723.64,0
2131.78,496.6,0
888.61,190.48,0
764.69,437.33,0
1024.69,386.54,0
1004.4,101.47,0
1329.39,14.21,1
1303.74,119.26,1
2114.0,820.65,0
1437.55,249.77,0
675.68,345.13,1
1288.28,461.43,0
2550.32,208.0,1
944.88,766.44,0
550.0,739.1,0
935.74,94.36,0
1044.95,1041.04,1
693.49,558.93,1
729.98,695.67,1
1380.8,647.68,0
1003.45,734.38,0
550.0,149.27,0
1234.68,339.68,1
550.0,32.17,1
1097.56,272.05,0
797.3,797.95,1
1328.73,753.97,0
1005.4,382.25,0
1431.14,642.51,1
1055.67,445.05,0
550.0,447.6,0
1572.85,543.34,0
746.67,834.86,1
1353.38,3.59,0
550.0,287.07,1
1414.69,828.03,1
625.26,721.89,0
632.87,366.7,0
994.94,507.81,0
888.27,101.71,1
1205.34,457.54,0
1438.94,298.56,0
793.69,446.42,1
1207.69,782.23,0
1067.29,107.05,0
812.21,443.47,1
1120.96,287.48,0
1356.12,573.66,0
550.0,13.71,0
1320.89,572.21,1
769.16,1520.56,1
919.69,875.66,0
692.41,1059.23,0
1244.03,711.89,0
919.36,584.2,1
1159.37,136.99,0
814.83,619.33,0
778.73,328.2,0
550.0,431.24,0
1236.71,485.91,0
1927.22,321.12,0
1295.72,226.25,0
550.0,748.23,1
1429.28,167.92,0
1114.19,533.56,0
550.0,572.0,1
1674.82,1220.86,0
550.0,559.69,0
1007.21,363.11,0
1409.03,223.2,0
1032.01,402.07,0
1194.44,565.41,0
1396.28,178.94,0
550.0,628.14,0
1917.9,339.31,1
759.17,303.47,0
550.0,474.12,0
771.76,1333.38,1
1351.18,477.29,0
1048.34,1239.55,0
1166.68,754.17,1
1821.56,478.89,0
1835.88,491.31,0
1682.91,362.53,0
1571.87,791.44,1
1183.2,662.46,1
550.0,812.41,1
550.0,342.1,0
565.41,17.27,1
1018.91,154.35,1
1433.84,96.84,0
550.0,104.1,0
755.25,450.26,0
954.8,637.42,1
1481.34,794.84,1
1256.23,9.5,0
550.0,928.82,1
1791.87,412.07,1
1433.01,646.99,1
1146.1,372.7,0
1402.17,715.93,0
1161.97,777.01,1
709.6,620.74,0
1313.78,915.09,0
605.01,474.55,0
1689.85,194.47,0
1501.09,103.56,0
1115.34,321.06,1
1810.08,438.51,1
550.0,687.31,1
1397.05,785.28,0
1618.91,94.16,1
1225.4,740.54,0
1452.7,58.99,1
1898.58,666.38,0
2167.29,119.79,1
550.0,546.45,0
1753.46,620.32,0
1297.26,524.32,1
890.0,235.71,0
1191.94,343.99,1
558.0,337.52,0
550.0,459.52,1
1186.8,800.46,1
972.33,516.19,1
1082.65,792.37,0
1654.8,136.9,0
1199.97,736.36,0
1148.28,504.35,1
1724.22,488.82,1
550.0,586.95,0
812.41,357.7,0
1487.34,531.51,1
1068.87,1202.95,0
569.55,705.66,1
923.61,436.96,1
1519.25,355.87,0
810.68,620.52,1
1956.56,439.89,1
1166.46,520.05,1
1435.76,646.76,1
962.64,204.86,0
1801.97,816.78,0
635.61,474.76,0
632.37,804.15,0
645.62,451.04,0
1888.4,506.26,1
762.97,778.49,0
1478.67,155.35,0
1556.62,906.76,0
1177.78,246.38,0
1009.88,1151.39,0
1083.43,514.85,1
550.0,76.17,0
550.0,578.78,0
651.19,285.4,1
550.0,257.76,0
550.0,560.02,1
672.46,292.67,0
1772.17,479.68,1
588.65,577.26,1
714.95,437.41,1
601.72,651.21,0
1368.0,398.5,0
1872.27,591.54,1
1417.6,368.56,0
760.03,591.83,0
793.3,648.22,0
570.62,215.78,0
1204.83,286.99,1
1626.51,486.98,1
634.09,939.24,0
550.0,912.6,0
1226.31,214.73,0
1245.13,169.52,0
550.0,212.42,0
855.93,946.67,1
550.0,714.45,1
550.0,21.78,0
1720.35,572.07,0
1322.13,438.24,0
732.31,617.27,1
1191.59,324.28,1
550.0,397.94,0
997.28,644.48,0
2061.01,609.15,0
550.0,266.08,1
550.0,961.83,0
854.43,751.82,0
1504.98,681.11,0
1277.53,826.49,0
1967.39,297.81,0
550.0,867.99,0
602.01,785.1,0
1296.17,737.3,0
1136.09,845.61,1
2526.53,700.53,1
550.0,859.24,0
882.68,351.27,0
1358.08,524.26,0
682.34,232.87,0
679.89,124.47,0
1413.7,148.98,1
1520.43,659.84,1
1773.82,1098.59,0
1688.74,108.4,0
1271.07,1200.19,0
1127.92,586.47,1
812.22,179.27,0
550.0,827.99,1
1364.59,89.46,1
550.0,218.95,0
836.53,668.59,0
1397.88,316.94,0
682.85,439.58,0
550.0,56.44,1
1108.17,599.08,0
903.59,341.22,0
829.74,740.29,0
1619.25,487.47,0
795.4,893.35,1
923.3,801.72,0
1209.1,587.38,1
619.77,626.35,0
1035.22,387.71,0
1508.28,323.23,0
1161.75,927.64,0
1820.84,561.21,1
1063.97,791.99,1
550.0,531.24,0
550.0,574.77,0
857.34,346.52,0
723.81,240.35,0
805.83,102.44,0
946.91,466.77,0
1734.6,673.13,1
1735.95,1103.33,1
879.07,239.51,0
953.78,360.56,0
550.0,255.02,0
666.65,110.8,1
1058.63,595.41,0
936.61,840.64,1
1064.61,401.68,1
583.03,432.66,1
1840.83,409.58,0
1187.21,566.0,0
2191.53,721.93,0
1328.21,395.87,0
1004.24,1070.43,1
579.63,995.91,0
1565.15,647.98,0
550.0,571.2,0
639.35,855.37,0
1161.83,911.19,0
1647.67,380.61,1
1761.42,1312.51,0
977.51,1144.03,0
550.89,174.12,0
550.0,266.97,0
1214.95,343.64,0
573.23,111.84,1
1270.45,622.96,0
550.0,780.96,1
1903.44,713.63,0
550.0,316.35,1
1176.45,637.57,1
682.98,1013.88,0
674.28,718.13,1
755.33,645.2,0
1091.16,989.68,0
869.17,46.42,0
550.0,932.59,0
550.0,365.11,0
1346.52,495.15,0
1860.6,554.25,0
1039.42,886.9,1
931.48,441.0,0
1587.62,537.51,0
869.37,998.29,0
550.0,834.41,0
964.89,514.23,1
835.93,498.89,0
550.0,403.71,0
880.36,412.94,0
663.07,484.75,0
722.72,727.14,1
550.0,641.79,1
1696.31,419.32,1
550.0,320.93,1
1061.65,1117.28,1
1866.18,1059.36,0
1056.4,474.16,0
1053.69,313.56,0
790.99,923.93,0
1215.85,608.76,0
1627.88,715.12,1
550.0,704.2,0
1255.62,147.68,0
956.85,517.38,0
1811.78,491.15,0
998.58,667.16,0
550.0,273.57,0
661.64,703.67,1
1408.21,449.96,0
1204.82,124.28,0
843.94,687.64,0
550.0,637.98,0
1067.19,186.29,0
594.62,253.14,1
1019.73,577.71,0
1103.49,1027.16,1
1084.89,118.5,0
1434.69,566.34,1
1924.04,306.9,0
1190.85,1137.73,0
713.02,873.93,0
888.39,735.31,1
821.75,843.05,1
1262.48,243.41,0
550.0,299.09,0
693.88,778.81,0
1266.86,420.43,0
607.24,516.29,1
1294.53,675.07,0
1408.17,104.69,0
1053.27,692.48,0
1400.63,518.03,0
1435.79,122.81,1
851.21,256.07,0
777.23,355.11,1
968.6,625.87,0
1084.84,644.13,0
1341.95,563.23,0
742.07,865.78,1
1439.53,153.92,0
974.69,1009.17,0
1843.76,378.68,1
550.0,396.22,0
1362.68,820.32,0
